-- MariaDB dump 10.19  Distrib 10.6.7-MariaDB, for debian-linux-gnu (x86_64)
--
-- Host: localhost    Database: call_center
-- ------------------------------------------------------
-- Server version	10.6.7-MariaDB-2ubuntu1

/*!40101 SET @OLD_CHARACTER_SET_CLIENT=@@CHARACTER_SET_CLIENT */;
/*!40101 SET @OLD_CHARACTER_SET_RESULTS=@@CHARACTER_SET_RESULTS */;
/*!40101 SET @OLD_COLLATION_CONNECTION=@@COLLATION_CONNECTION */;
/*!40101 SET NAMES utf8mb4 */;
/*!40103 SET @OLD_TIME_ZONE=@@TIME_ZONE */;
/*!40103 SET TIME_ZONE='+00:00' */;
/*!40014 SET @OLD_UNIQUE_CHECKS=@@UNIQUE_CHECKS, UNIQUE_CHECKS=0 */;
/*!40014 SET @OLD_FOREIGN_KEY_CHECKS=@@FOREIGN_KEY_CHECKS, FOREIGN_KEY_CHECKS=0 */;
/*!40101 SET @OLD_SQL_MODE=@@SQL_MODE, SQL_MODE='NO_AUTO_VALUE_ON_ZERO' */;
/*!40111 SET @OLD_SQL_NOTES=@@SQL_NOTES, SQL_NOTES=0 */;

--
-- Table structure for table `agent`
--

DROP TABLE IF EXISTS `agent`;
/*!40101 SET @saved_cs_client     = @@character_set_client */;
/*!40101 SET character_set_client = utf8 */;
CREATE TABLE `agent` (
  `id` int(10) unsigned NOT NULL AUTO_INCREMENT,
  `type` enum('Agent','SIP','IAX2') NOT NULL DEFAULT 'Agent',
  `number` varchar(40) NOT NULL,
  `name` varchar(250) NOT NULL,
  `password` varchar(250) NOT NULL,
  `estatus` enum('A','I') DEFAULT 'A',
  `eccp_password` varchar(128) DEFAULT NULL,
  PRIMARY KEY (`id`),
  KEY `agent_type` (`estatus`,`type`,`number`)
) ENGINE=InnoDB AUTO_INCREMENT=4 DEFAULT CHARSET=utf8mb3;
/*!40101 SET character_set_client = @saved_cs_client */;

--
-- Dumping data for table `agent`
--

LOCK TABLES `agent` WRITE;
/*!40000 ALTER TABLE `agent` DISABLE KEYS */;
INSERT INTO `agent` VALUES (1,'SIP','1000','Agent 1','123456','A','4d5d414956261db90c367c0613b7ffdb79584be0'),(2,'SIP','1002','1002','123456','I','123456'),(3,'SIP','1001','1001','123456','A','c4106fe477dd9fb17d6771b341be784d99a32978');
/*!40000 ALTER TABLE `agent` ENABLE KEYS */;
UNLOCK TABLES;

--
-- Table structure for table `agent_status`
--

DROP TABLE IF EXISTS `agent_status`;
/*!40101 SET @saved_cs_client     = @@character_set_client */;
/*!40101 SET character_set_client = utf8 */;
CREATE TABLE `agent_status` (
  `queue_id` int(11) NOT NULL,
  `on_break` int(11) NOT NULL DEFAULT 0,
  `on_call` int(11) NOT NULL DEFAULT 0,
  `on_ready` int(11) NOT NULL DEFAULT 0,
  `on_logged_in` int(11) NOT NULL DEFAULT 0,
  PRIMARY KEY (`queue_id`)
) ENGINE=InnoDB DEFAULT CHARSET=utf8mb4 COLLATE=utf8mb4_unicode_ci;
/*!40101 SET character_set_client = @saved_cs_client */;

--
-- Dumping data for table `agent_status`
--

LOCK TABLES `agent_status` WRITE;
/*!40000 ALTER TABLE `agent_status` DISABLE KEYS */;
INSERT INTO `agent_status` VALUES (1,0,0,0,0);
/*!40000 ALTER TABLE `agent_status` ENABLE KEYS */;
UNLOCK TABLES;

--
-- Table structure for table `answers`
--

DROP TABLE IF EXISTS `answers`;
/*!40101 SET @saved_cs_client     = @@character_set_client */;
/*!40101 SET character_set_client = utf8 */;
CREATE TABLE `answers` (
  `id` int(10) unsigned NOT NULL AUTO_INCREMENT,
  `question_id` int(10) unsigned NOT NULL,
  `entry_id` int(10) unsigned DEFAULT NULL,
  `value` varchar(255) COLLATE utf8mb4_unicode_ci NOT NULL,
  `created_at` timestamp NULL DEFAULT NULL,
  `updated_at` timestamp NULL DEFAULT NULL,
  PRIMARY KEY (`id`)
) ENGINE=InnoDB AUTO_INCREMENT=4 DEFAULT CHARSET=utf8mb4 COLLATE=utf8mb4_unicode_ci;
/*!40101 SET character_set_client = @saved_cs_client */;

--
-- Dumping data for table `answers`
--

LOCK TABLES `answers` WRITE;
/*!40000 ALTER TABLE `answers` DISABLE KEYS */;
INSERT INTO `answers` VALUES (1,1,1,'Satisfied','2022-05-23 07:52:16','2022-05-23 07:52:16'),(2,2,1,'Satisfied','2022-05-23 07:52:16','2022-05-23 07:52:16'),(3,3,1,'This is for testing','2022-05-23 07:52:16','2022-05-23 07:52:16');
/*!40000 ALTER TABLE `answers` ENABLE KEYS */;
UNLOCK TABLES;

--
-- Table structure for table `audit`
--

DROP TABLE IF EXISTS `audit`;
/*!40101 SET @saved_cs_client     = @@character_set_client */;
/*!40101 SET character_set_client = utf8 */;
CREATE TABLE `audit` (
  `id` int(10) unsigned NOT NULL AUTO_INCREMENT,
  `id_agent` int(10) unsigned NOT NULL,
  `id_break` int(10) unsigned DEFAULT NULL,
  `datetime_init` datetime NOT NULL,
  `datetime_end` datetime DEFAULT NULL,
  `duration` time DEFAULT NULL,
  `ext_parked` varchar(10) DEFAULT NULL,
  PRIMARY KEY (`id`),
  KEY `id_agent` (`id_agent`),
  KEY `id_break` (`id_break`),
  KEY `agent_break_datetime` (`id_agent`,`id_break`,`datetime_init`),
  CONSTRAINT `audit_ibfk_1` FOREIGN KEY (`id_agent`) REFERENCES `agent` (`id`),
  CONSTRAINT `audit_ibfk_2` FOREIGN KEY (`id_break`) REFERENCES `break` (`id`)
) ENGINE=InnoDB AUTO_INCREMENT=32 DEFAULT CHARSET=utf8mb3;
/*!40101 SET character_set_client = @saved_cs_client */;

--
-- Dumping data for table `audit`
--

LOCK TABLES `audit` WRITE;
/*!40000 ALTER TABLE `audit` DISABLE KEYS */;
INSERT INTO `audit` VALUES (1,1,NULL,'2022-03-25 13:21:29','2022-03-25 13:23:52','00:02:23',NULL),(2,1,NULL,'2022-03-25 13:25:26','2022-03-25 13:42:32','00:17:06',NULL),(3,1,NULL,'2022-03-31 10:43:30','2022-03-31 10:48:44','00:05:14',NULL),(4,1,NULL,'2022-03-31 10:49:55','2022-03-31 10:50:13','00:00:18',NULL),(5,1,NULL,'2022-03-31 10:50:25','2022-03-31 10:51:15','00:00:50',NULL),(6,1,NULL,'2022-03-31 10:56:58','2022-03-31 11:14:59','00:18:01',NULL),(7,1,NULL,'2022-03-31 11:15:04','2022-03-31 13:52:59','02:37:55',NULL),(8,1,NULL,'2022-04-01 11:17:48','2022-04-01 11:46:40','00:28:52',NULL),(9,1,NULL,'2022-04-22 11:50:12','2022-04-22 11:53:40','00:03:28',NULL),(10,1,NULL,'2022-04-30 13:29:00','2022-04-30 13:31:18','00:02:18',NULL),(11,1,NULL,'2022-05-14 22:08:38','2022-05-14 22:12:26','00:03:48',NULL),(12,1,NULL,'2022-05-21 12:51:20','2022-05-21 14:38:24','01:47:04',NULL),(13,1,NULL,'2022-05-21 15:49:35','2022-05-21 17:03:45','01:14:10',NULL),(14,1,NULL,'2022-05-21 17:05:14','2022-05-21 17:05:17','00:00:03',NULL),(15,1,NULL,'2022-05-21 17:05:25','2022-05-21 17:17:16','00:11:51',NULL),(16,1,NULL,'2022-05-23 11:04:42','2022-05-23 11:08:03','00:03:21',NULL),(17,1,NULL,'2022-05-26 10:27:50','2022-05-26 11:13:23','00:45:33',NULL),(18,1,NULL,'2022-05-29 16:21:12','2022-05-29 16:21:53','00:00:41',NULL),(19,1,NULL,'2022-05-29 16:25:40','2022-05-29 16:34:22','00:08:42',NULL),(20,1,NULL,'2022-05-29 16:57:10','2022-05-29 17:04:33','00:07:23',NULL),(21,3,NULL,'2022-05-29 17:06:29','2022-05-29 18:01:49','00:55:20',NULL),(22,1,NULL,'2022-05-29 17:07:09','2022-05-29 19:18:16','02:11:07',NULL),(23,3,2,'2022-05-29 17:09:59','2022-05-29 17:14:09','00:04:10',NULL),(24,1,NULL,'2022-06-06 18:41:23','2022-06-06 18:51:45','00:10:22',NULL),(25,1,NULL,'2022-06-06 18:51:51','2022-06-06 19:13:38','00:21:47',NULL),(26,1,NULL,'2022-06-07 12:07:32','2022-06-07 13:12:29','01:04:57',NULL),(27,1,NULL,'2022-06-07 13:22:26','2022-06-07 13:43:50','00:21:24',NULL),(28,1,NULL,'2022-06-07 13:45:56','2022-06-07 16:01:20','02:15:24',NULL),(29,1,2,'2022-06-07 13:46:01','2022-06-07 14:02:07','00:16:06',NULL),(30,1,2,'2022-06-07 14:02:53','2022-06-07 14:51:49','00:48:56',NULL),(31,1,2,'2022-06-07 14:51:58','2022-06-07 14:58:52','00:06:54',NULL);
/*!40000 ALTER TABLE `audit` ENABLE KEYS */;
UNLOCK TABLES;

--
-- Table structure for table `break`
--

DROP TABLE IF EXISTS `break`;
/*!40101 SET @saved_cs_client     = @@character_set_client */;
/*!40101 SET character_set_client = utf8 */;
CREATE TABLE `break` (
  `id` int(10) unsigned NOT NULL AUTO_INCREMENT,
  `name` varchar(250) NOT NULL,
  `description` varchar(250) DEFAULT NULL,
  `status` varchar(1) NOT NULL DEFAULT 'A',
  `tipo` enum('B','H') DEFAULT 'B',
  PRIMARY KEY (`id`)
) ENGINE=InnoDB AUTO_INCREMENT=3 DEFAULT CHARSET=utf8mb3;
/*!40101 SET character_set_client = @saved_cs_client */;

--
-- Dumping data for table `break`
--

LOCK TABLES `break` WRITE;
/*!40000 ALTER TABLE `break` DISABLE KEYS */;
INSERT INTO `break` VALUES (1,'Hold','Hold','A','H'),(2,'Tea Break','Tea Break','A','B');
/*!40000 ALTER TABLE `break` ENABLE KEYS */;
UNLOCK TABLES;

--
-- Table structure for table `call_attribute`
--

DROP TABLE IF EXISTS `call_attribute`;
/*!40101 SET @saved_cs_client     = @@character_set_client */;
/*!40101 SET character_set_client = utf8 */;
CREATE TABLE `call_attribute` (
  `id` int(10) unsigned NOT NULL AUTO_INCREMENT,
  `id_call` int(10) unsigned NOT NULL,
  `columna` varchar(30) DEFAULT NULL,
  `value` varchar(128) NOT NULL,
  `column_number` int(10) unsigned NOT NULL DEFAULT 0,
  PRIMARY KEY (`id`),
  KEY `id_call` (`id_call`),
  CONSTRAINT `call_attribute_ibfk_1` FOREIGN KEY (`id_call`) REFERENCES `calls` (`id`)
) ENGINE=InnoDB DEFAULT CHARSET=utf8mb3;
/*!40101 SET character_set_client = @saved_cs_client */;

--
-- Dumping data for table `call_attribute`
--

LOCK TABLES `call_attribute` WRITE;
/*!40000 ALTER TABLE `call_attribute` DISABLE KEYS */;
/*!40000 ALTER TABLE `call_attribute` ENABLE KEYS */;
UNLOCK TABLES;

--
-- Table structure for table `call_entry`
--

DROP TABLE IF EXISTS `call_entry`;
/*!40101 SET @saved_cs_client     = @@character_set_client */;
/*!40101 SET character_set_client = utf8 */;
CREATE TABLE `call_entry` (
  `id` int(10) unsigned NOT NULL AUTO_INCREMENT,
  `id_agent` int(10) unsigned DEFAULT NULL,
  `id_queue_call_entry` int(10) unsigned NOT NULL,
  `id_contact` int(10) unsigned DEFAULT NULL,
  `callerid` varchar(15) NOT NULL,
  `datetime_init` datetime DEFAULT NULL,
  `datetime_end` datetime DEFAULT NULL,
  `duration` int(10) unsigned DEFAULT NULL,
  `status` varchar(32) DEFAULT NULL,
  `transfer` varchar(6) DEFAULT NULL,
  `datetime_entry_queue` datetime DEFAULT NULL,
  `duration_wait` int(11) DEFAULT NULL,
  `uniqueid` varchar(32) DEFAULT NULL,
  `id_campaign` int(10) unsigned DEFAULT NULL,
  `trunk` varchar(20) NOT NULL,
  `c_status` varchar(255) DEFAULT 'Open',
  `c_action` varchar(255) DEFAULT 'Not Called',
  `c_reason` longtext DEFAULT NULL,
  PRIMARY KEY (`id`),
  KEY `id_agent` (`id_agent`),
  KEY `id_queue_call_entry` (`id_queue_call_entry`),
  KEY `id_contact` (`id_contact`),
  KEY `call_entry_ibfk_4` (`id_campaign`),
  KEY `datetime_init` (`datetime_init`),
  KEY `datetime_entry_queue` (`datetime_entry_queue`),
  CONSTRAINT `call_entry_ibfk_1` FOREIGN KEY (`id_agent`) REFERENCES `agent` (`id`),
  CONSTRAINT `call_entry_ibfk_2` FOREIGN KEY (`id_queue_call_entry`) REFERENCES `queue_call_entry` (`id`),
  CONSTRAINT `call_entry_ibfk_3` FOREIGN KEY (`id_contact`) REFERENCES `contact` (`id`),
  CONSTRAINT `call_entry_ibfk_4` FOREIGN KEY (`id_campaign`) REFERENCES `campaign_entry` (`id`)
) ENGINE=InnoDB AUTO_INCREMENT=94 DEFAULT CHARSET=utf8mb3;
/*!40101 SET character_set_client = @saved_cs_client */;

--
-- Dumping data for table `call_entry`
--

LOCK TABLES `call_entry` WRITE;
/*!40000 ALTER TABLE `call_entry` DISABLE KEYS */;
INSERT INTO `call_entry` VALUES (1,NULL,1,NULL,'1001',NULL,'2022-03-25 13:22:41',NULL,'abandonada',NULL,'2022-03-25 13:22:33',8,'1648194753.456',NULL,'SIP/1001','Open','Not Called',NULL),(2,1,1,NULL,'1001','2022-03-25 13:23:23','2022-03-25 13:23:26',4,'terminada',NULL,'2022-03-25 13:23:16',7,'1648194770.468',NULL,'SIP/1001','Open','Not Called',NULL),(3,NULL,1,NULL,'1001',NULL,'2022-03-25 13:28:02',NULL,'abandonada',NULL,'2022-03-25 13:27:38',24,'1648195058.493',NULL,'SIP/1001','Open','Not Called',NULL),(4,NULL,1,NULL,'1001',NULL,'2022-03-25 13:29:26',NULL,'abandonada',NULL,'2022-03-25 13:29:19',8,'1648195159.522',NULL,'SIP/1001','Open','Not Called',NULL),(5,NULL,1,NULL,'1001',NULL,'2022-03-25 13:31:37',NULL,'abandonada',NULL,'2022-03-25 13:31:30',8,'1648195289.551',NULL,'SIP/1001','Open','Not Called',NULL),(6,1,1,NULL,'1002','2022-03-25 13:32:30','2022-03-25 13:33:04',34,'terminada',NULL,'2022-03-25 13:32:27',3,'1648195347.568',NULL,'SIP/1002','Open','Not Called',NULL),(7,NULL,1,NULL,'1001',NULL,'2022-03-25 13:32:43',NULL,'abandonada',NULL,'2022-03-25 13:32:37',6,'1648195357.576',NULL,'SIP/1001','Open','Not Called',NULL),(8,1,1,NULL,'1002','2022-03-25 13:35:04','2022-03-25 13:36:08',65,'terminada',NULL,'2022-03-25 13:35:02',2,'1648195502.604',NULL,'SIP/1002','Open','Not Called',NULL),(9,NULL,1,NULL,'1001',NULL,'2022-03-25 13:35:17',NULL,'abandonada',NULL,'2022-03-25 13:35:14',3,'1648195514.612',NULL,'SIP/1001','Open','Not Called',NULL),(10,NULL,1,NULL,'1002',NULL,'2022-03-25 13:37:00',NULL,'abandonada',NULL,'2022-03-25 13:36:58',2,'1648195618.658',NULL,'SIP/1002','Open','Not Called',NULL),(11,1,1,NULL,'1002','2022-03-25 13:37:03','2022-03-25 13:37:21',18,'terminada',NULL,'2022-03-25 13:37:01',2,'1648195621.670',NULL,'SIP/1002','Open','Not Called',NULL),(12,NULL,1,NULL,'1001',NULL,'2022-03-25 13:37:16',NULL,'abandonada',NULL,'2022-03-25 13:37:12',5,'1648195631.678',NULL,'SIP/1001','Open','Not Called',NULL),(13,1,1,NULL,'1002','2022-03-25 13:40:40','2022-03-25 13:41:24',44,'terminada',NULL,'2022-03-25 13:40:38',2,'1648195838.707',NULL,'SIP/1002','Open','Not Called',NULL),(14,NULL,1,NULL,'1001',NULL,'2022-03-25 13:40:55',NULL,'abandonada',NULL,'2022-03-25 13:40:52',2,'1648195852.715',NULL,'SIP/1001','Open','Not Called',NULL),(15,1,1,NULL,'1001','2022-03-25 13:41:22','2022-03-25 13:41:26',3,'terminada',NULL,'2022-03-25 13:41:16',6,'1648195876.727',NULL,'SIP/1001','Open','Not Called',NULL),(16,1,1,NULL,'1002','2022-03-25 13:41:30','2022-03-25 13:41:40',9,'terminada',NULL,'2022-03-25 13:41:29',2,'1648195889.753',NULL,'SIP/1002','Open','Not Called',NULL),(17,1,1,NULL,'1001','2022-03-25 13:41:38','2022-03-25 13:41:38',1,'terminada',NULL,'2022-03-25 13:41:33',5,'1648195893.761',NULL,'SIP/1001','Open','Not Called',NULL),(18,1,1,NULL,'1002','2022-03-31 10:46:32','2022-03-31 10:46:48',16,'terminada',NULL,'2022-03-31 10:46:27',5,'1648703727.1492',NULL,'SIP/1002','Open','Not Called',NULL),(19,NULL,1,NULL,'1002',NULL,'2022-03-31 10:50:21',NULL,'abandonada',NULL,'2022-03-31 10:49:55',25,'1648703965.1519',NULL,'SIP/1002','Open','Not Called',NULL),(20,NULL,1,NULL,'1002',NULL,'2022-03-31 10:50:42',NULL,'abandonada',NULL,'2022-03-31 10:50:35',7,'1648704035.1527',NULL,'SIP/1002','Open','Not Called',NULL),(21,1,1,NULL,'1002','2022-03-31 10:57:02','2022-03-31 10:57:09',6,'terminada',NULL,'2022-03-31 10:56:58',4,'1648704390.1535',NULL,'SIP/1002','Open','Not Called',NULL),(22,1,1,NULL,'1002','2022-03-31 11:09:29','2022-03-31 11:09:45',17,'terminada',NULL,'2022-03-31 11:09:26',3,'1648705124.1570',NULL,'SIP/1002','Open','Not Called',NULL),(23,1,1,NULL,'1002','2022-03-31 11:13:00','2022-03-31 11:14:08',68,'terminada',NULL,'2022-03-31 11:12:54',6,'1648705327.1589',NULL,'SIP/1002','Open','Not Called',NULL),(24,1,1,NULL,'1002','2022-03-31 11:19:15','2022-03-31 11:19:56',41,'terminada',NULL,'2022-03-31 11:19:03',12,'1648705708.1608',NULL,'SIP/1002','Open','Not Called',NULL),(25,1,1,NULL,'1002','2022-03-31 11:32:58','2022-03-31 11:33:58',60,'terminada',NULL,'2022-03-31 11:32:51',8,'1648706499.1646',NULL,'SIP/1002','Open','Not Called',NULL),(26,1,1,NULL,'1002','2022-03-31 11:36:25','2022-03-31 11:37:48',83,'terminada',NULL,'2022-03-31 11:36:11',14,'1648706749.1670',NULL,'SIP/1002','Open','Not Called',NULL),(27,NULL,1,NULL,'1002',NULL,'2022-03-31 12:17:09',NULL,'abandonada',NULL,'2022-03-31 12:17:03',7,'1648709191.1762',NULL,'SIP/1002','Open','Not Called',NULL),(28,NULL,1,NULL,'1002',NULL,'2022-03-31 12:23:55',NULL,'abandonada',NULL,'2022-03-31 12:23:47',8,'1648709600.1774',NULL,'SIP/1002','Open','Not Called',NULL),(29,NULL,1,NULL,'1000',NULL,'2022-03-31 12:24:20',NULL,'abandonada',NULL,'2022-03-31 12:24:14',6,'1648709632.1781',NULL,'SIP/1000','Open','Not Called',NULL),(30,NULL,1,NULL,'1002',NULL,'2022-03-31 12:29:11',NULL,'abandonada',NULL,'2022-03-31 12:29:11',1,'1648709926.1804',NULL,'SIP/1002','Open','Not Called',NULL),(31,NULL,1,NULL,'1002',NULL,'2022-03-31 12:31:45',NULL,'abandonada',NULL,'2022-03-31 12:31:39',6,'1648710073.1824',NULL,'SIP/1002','Open','Not Called',NULL),(32,NULL,1,NULL,'1002',NULL,'2022-04-01 11:16:03',NULL,'abandonada',NULL,'2022-04-01 11:15:36',27,'1648791906.2273',NULL,'SIP/1002','Open','Not Called',NULL),(33,1,1,NULL,'1002','2022-04-01 11:19:51','2022-04-01 11:20:23',32,'terminada',NULL,'2022-04-01 11:19:46',5,'1648792154.2281',NULL,'SIP/1002','Open','Not Called',NULL),(34,NULL,1,NULL,'1002',NULL,'2022-04-01 11:28:43',NULL,'abandonada',NULL,'2022-04-01 11:28:26',18,'1648792678.2326',NULL,'SIP/1002','Open','Not Called',NULL),(35,1,1,NULL,'1002','2022-04-01 11:31:11','2022-04-01 11:31:40',29,'terminada',NULL,'2022-04-01 11:31:05',6,'1648792832.2338',NULL,'SIP/1002','Open','Not Called',NULL),(36,NULL,1,NULL,'+916366776378',NULL,'2022-04-06 10:52:31',NULL,'abandonada',NULL,'2022-04-06 10:49:45',165,'1649222366.2463',NULL,'SIP/AvayaTrunk1','Open','Not Called',NULL),(37,NULL,1,NULL,'+916366776378',NULL,'2022-04-06 10:55:38',NULL,'abandonada',NULL,'2022-04-06 10:54:51',48,'1649222671.2471',NULL,'SIP/AvayaTrunk1','Open','Not Called',NULL),(38,NULL,1,NULL,'1409264395',NULL,'2022-04-06 15:34:18',NULL,'abandonada',NULL,'2022-04-06 15:28:25',353,'1649239049.2503',NULL,'SIP/AvayaTrunk1','Open','Not Called',NULL),(39,NULL,1,NULL,'2241',NULL,'2022-04-07 14:07:02',NULL,'abandonada',NULL,'2022-04-07 14:06:18',44,'1649320374.2567',NULL,'SIP/AvayaTrunk1','Open','Not Called',NULL),(40,NULL,1,NULL,'1000',NULL,'2022-04-07 15:17:48',NULL,'abandonada',NULL,'2022-04-07 15:17:45',3,'1649324825.2639',NULL,'SIP/1000','Open','Not Called',NULL),(41,NULL,1,NULL,'2241',NULL,'2022-04-07 17:06:54',NULL,'abandonada',NULL,'2022-04-07 17:06:35',19,'1649331358.2655',NULL,'SIP/AvayaTrunk1','Open','Not Called',NULL),(42,NULL,1,NULL,'2152',NULL,'2022-04-12 10:13:44',NULL,'abandonada',NULL,'2022-04-12 10:11:03',161,'1649738321.2751',NULL,'SIP/AvayaTrunk1','Open','Not Called',NULL),(43,NULL,1,NULL,'1001',NULL,'2022-04-22 11:50:30',NULL,'abandonada',NULL,'2022-04-22 11:50:24',6,'1650608424.16',NULL,'SIP/1001','Open','Not Called',NULL),(44,NULL,1,NULL,'1001',NULL,'2022-04-25 21:26:09',NULL,'abandonada',NULL,'2022-04-25 21:26:04',6,'1650902113.24',NULL,'SIP/1001','Open','Not Called',NULL),(45,NULL,1,NULL,'1001',NULL,'2022-04-27 10:37:39',NULL,'abandonada',NULL,'2022-04-27 10:37:28',11,'1651035998.37',NULL,'SIP/1001','Open','Not Called',NULL),(46,NULL,1,NULL,'1001',NULL,'2022-04-27 10:42:35',NULL,'abandonada',NULL,'2022-04-27 10:42:11',24,'1651036274.69',NULL,'SIP/1001','Open','Not Called',NULL),(47,NULL,1,NULL,'1000',NULL,'2022-04-30 13:30:36',NULL,'abandonada',NULL,'2022-04-30 13:30:28',8,'1651305596.8',NULL,'SIP/1000','Closed','Called','Invalid Reason'),(48,1,1,NULL,'1001','2022-04-30 13:31:12','2022-04-30 13:31:18',6,'terminada',NULL,'2022-04-30 13:31:09',3,'1651305648.20',NULL,'SIP/1001','Open','Not Called',NULL),(49,1,1,1,'1001','2022-05-14 22:09:04','2022-05-14 22:10:13',69,'terminada',NULL,'2022-05-14 22:08:59',5,'1652546339.0',NULL,'SIP/1001','Open','Not Called',NULL),(50,1,1,1,'1001','2022-05-21 13:08:44','2022-05-21 13:08:50',7,'terminada',NULL,'2022-05-21 13:08:41',2,'1653118721.0',NULL,'SIP/1001','Open','Not Called',NULL),(51,NULL,1,3,'1000',NULL,'2022-05-21 13:18:48',NULL,'abandonada',NULL,'2022-05-21 13:18:45',3,'1653119325.19',NULL,'SIP/1000','Open','Not Called',NULL),(52,1,1,1,'1001','2022-05-21 13:19:06','2022-05-21 13:20:06',60,'terminada',NULL,'2022-05-21 13:19:03',3,'1653119343.31',NULL,'SIP/1001','Open','Not Called',NULL),(53,1,1,1,'1001','2022-05-21 13:28:01','2022-05-21 13:28:24',23,'terminada',NULL,'2022-05-21 13:27:59',2,'1653119879.48',NULL,'SIP/1001','Open','Not Called',NULL),(54,NULL,1,3,'1000',NULL,'2022-05-21 13:39:53',NULL,'abandonada',NULL,'2022-05-21 13:39:49',4,'1653120589.67',NULL,'SIP/1000','Open','Not Called',NULL),(55,1,1,NULL,'1001','2022-05-21 13:39:58','2022-05-21 13:40:26',28,'terminada',NULL,'2022-05-21 13:39:56',2,'1653120596.79',NULL,'SIP/1001','Open','Not Called',NULL),(56,NULL,1,3,'1000',NULL,'2022-05-21 13:43:30',NULL,'abandonada',NULL,'2022-05-21 13:43:25',6,'1653120804.98',NULL,'SIP/1000','Closed','Called',NULL),(57,1,1,NULL,'1001','2022-05-21 13:43:37','2022-05-21 13:43:40',3,'terminada',NULL,'2022-05-21 13:43:35',2,'1653120815.110',NULL,'SIP/1001','Open','Not Called',NULL),(58,1,1,NULL,'1001','2022-05-21 15:50:00','2022-05-21 15:50:06',6,'terminada',NULL,'2022-05-21 15:49:58',2,'1653128398.129',NULL,'SIP/1001','Open','Not Called',NULL),(59,1,1,1,'1001','2022-05-21 15:55:12','2022-05-21 15:55:17',5,'terminada',NULL,'2022-05-21 15:55:09',3,'1653128709.148',NULL,'SIP/1001','Open','Not Called',NULL),(60,1,1,1,'1001','2022-05-21 16:07:45','2022-05-21 16:09:40',115,'terminada',NULL,'2022-05-21 16:07:44',2,'1653129463.167',NULL,'SIP/1001','Open','Not Called',NULL),(61,1,1,NULL,'1001','2022-05-21 16:09:45','2022-05-21 16:13:03',197,'terminada',NULL,'2022-05-21 16:09:44',2,'1653129583.184',NULL,'SIP/1001','Open','Not Called',NULL),(62,1,1,1,'1001','2022-05-21 16:13:33','2022-05-21 16:33:42',1209,'terminada',NULL,'2022-05-21 16:13:31',2,'1653129811.201',NULL,'SIP/1001','Open','Not Called',NULL),(63,1,1,1,'1001','2022-05-21 16:33:57','2022-05-21 16:34:08',12,'terminada',NULL,'2022-05-21 16:33:54',2,'1653131034.218',NULL,'SIP/1001','Open','Not Called',NULL),(64,1,1,1,'1001','2022-05-21 16:35:17','2022-05-21 16:47:33',736,'terminada',NULL,'2022-05-21 16:35:15',2,'1653131115.237',NULL,'SIP/1001','Open','Not Called',NULL),(65,1,1,NULL,'1001','2022-05-21 16:49:25','2022-05-21 17:03:45',860,'terminada',NULL,'2022-05-21 16:49:23',2,'1653131963.254',NULL,'SIP/1001','Open','Not Called',NULL),(66,1,1,NULL,'1001','2022-05-21 17:05:47','2022-05-21 17:05:57',10,'terminada',NULL,'2022-05-21 17:05:45',2,'1653132945.273',NULL,'SIP/1001','Open','Not Called',NULL),(67,1,1,NULL,'1001','2022-05-21 17:08:15','2022-05-21 17:08:20',5,'terminada',NULL,'2022-05-21 17:08:13',2,'1653133093.292',NULL,'SIP/1001','Open','Not Called',NULL),(68,1,1,NULL,'1001','2022-05-21 17:09:24','2022-05-21 17:09:47',23,'terminada',NULL,'2022-05-21 17:09:22',2,'1653133162.311',NULL,'SIP/1001','Open','Not Called',NULL),(69,1,1,1,'1001','2022-05-21 17:09:59','2022-05-21 17:12:19',140,'terminada',NULL,'2022-05-21 17:09:58',2,'1653133198.328',NULL,'SIP/1001','Open','Not Called',NULL),(70,1,1,1,'1001','2022-05-21 17:12:36','2022-05-21 17:13:44',68,'terminada',NULL,'2022-05-21 17:12:35',2,'1653133354.345',NULL,'SIP/1001','Open','Not Called',NULL),(71,1,1,NULL,'1001','2022-05-21 17:14:16','2022-05-21 17:14:20',4,'terminada',NULL,'2022-05-21 17:14:14',3,'1653133454.364',NULL,'SIP/1001','Open','Not Called',NULL),(72,1,1,1,'1001','2022-05-21 17:15:44','2022-05-21 17:15:46',2,'terminada',NULL,'2022-05-21 17:15:42',2,'1653133541.383',NULL,'SIP/1001','Open','Not Called',NULL),(73,1,1,1,'1001','2022-05-23 11:06:17','2022-05-23 11:06:39',22,'terminada',NULL,'2022-05-23 11:06:15',2,'1653284175.0',NULL,'SIP/1001','Open','Not Called',NULL),(74,1,1,1,'1001','2022-05-26 10:28:00','2022-05-26 11:13:19',2719,'terminada',NULL,'2022-05-26 10:27:59',2,'1653541078.8',NULL,'SIP/1001','Open','Not Called',NULL),(75,NULL,1,1,'1001',NULL,'2022-05-29 16:23:52',NULL,'abandonada',NULL,'2022-05-29 16:23:24',27,'1653821583.0',NULL,'SIP/1001','Open','Not Called',NULL),(76,1,1,1,'1001','2022-05-29 16:25:53','2022-05-29 16:26:57',64,'terminada',NULL,'2022-05-29 16:25:22',31,'1653821722.8',NULL,'SIP/1001','Open','Not Called',NULL),(77,1,1,1,'1001','2022-05-29 16:27:22','2022-05-29 16:27:51',29,'terminada',NULL,'2022-05-29 16:27:19',2,'1653821839.25',NULL,'SIP/1001','Open','Not Called',NULL),(78,1,1,2,'1002','2022-05-29 17:12:41','2022-05-29 17:12:49',9,'terminada',NULL,'2022-05-29 17:11:35',66,'1653824494.44',NULL,'SIP/1002','Open','Not Called',NULL),(79,1,1,2,'1002','2022-05-29 17:14:38','2022-05-29 17:16:04',87,'terminada',NULL,'2022-05-29 17:14:14',24,'1653824654.87',NULL,'SIP/1002','Open','Not Called',NULL),(80,1,1,2,'1002','2022-05-29 17:17:35','2022-05-29 17:27:52',617,'terminada',NULL,'2022-05-29 17:17:10',25,'1653824830.110',NULL,'SIP/1002','Open','Not Called',NULL),(81,1,1,2,'1002','2022-05-29 17:49:14','2022-05-29 17:51:15',121,'terminada',NULL,'2022-05-29 17:48:51',23,'1653826731.135',NULL,'SIP/1002','Open','Not Called',NULL),(82,3,1,2,'1002','2022-05-29 17:53:13','2022-05-29 17:53:21',8,'terminada',NULL,'2022-05-29 17:53:04',9,'1653826984.160',NULL,'SIP/1002','Open','Not Called',NULL),(83,1,1,1,'1001','2022-06-06 18:42:28','2022-06-06 18:49:02',394,'terminada',NULL,'2022-06-06 18:42:24',3,'1654521144.0',NULL,'SIP/1001','Open','Not Called',NULL),(84,1,1,1,'1001','2022-06-06 18:49:25','2022-06-06 18:51:45',140,'terminada',NULL,'2022-06-06 18:49:23',2,'1654521562.19',NULL,'SIP/1001','Open','Not Called',NULL),(85,1,1,1,'1001','2022-06-06 18:52:01','2022-06-06 19:13:38',1297,'terminada',NULL,'2022-06-06 18:51:59',2,'1654521719.36',NULL,'SIP/1001','Open','Not Called',NULL),(86,1,1,1,'1001','2022-06-07 12:08:34','2022-06-07 12:47:30',2336,'terminada',NULL,'2022-06-07 12:08:31',2,'1654583911.8',NULL,'SIP/1001','Open','Not Called',NULL),(87,1,1,1,'1001','2022-06-07 12:47:57','2022-06-07 12:49:28',91,'terminada',NULL,'2022-06-07 12:47:55',2,'1654586275.27',NULL,'SIP/1001','Open','Not Called',NULL),(88,NULL,1,1,'1001',NULL,'2022-06-07 13:21:47',NULL,'abandonada',NULL,'2022-06-07 13:21:38',9,'1654588298.44',NULL,'SIP/1001','Open','Not Called',NULL),(89,NULL,1,1,'1001',NULL,'2022-06-07 13:22:59',NULL,'abandonada',NULL,'2022-06-07 13:22:33',27,'1654588352.52',NULL,'SIP/1001','Open','Not Called',NULL),(90,NULL,1,1,'1001',NULL,'2022-06-07 13:24:49',NULL,'abandonada',NULL,'2022-06-07 13:24:24',25,'1654588464.75',NULL,'SIP/1001','Open','Not Called',NULL),(91,1,1,1,'1001','2022-06-07 13:27:55','2022-06-07 13:28:17',22,'terminada',NULL,'2022-06-07 13:27:11',44,'1654588630.93',NULL,'SIP/1001','Open','Not Called',NULL),(92,1,1,1,'1001','2022-06-07 15:03:33','2022-06-07 15:11:26',473,'terminada',NULL,'2022-06-07 15:03:31',2,'1654594411.122',NULL,'SIP/1001','Open','Not Called',NULL),(93,1,1,1,'1001','2022-06-07 15:11:44','2022-06-07 15:12:22',38,'terminada',NULL,'2022-06-07 15:11:42',2,'1654594902.139',NULL,'SIP/1001','Open','Not Called',NULL);
/*!40000 ALTER TABLE `call_entry` ENABLE KEYS */;
UNLOCK TABLES;

--
-- Table structure for table `call_progress_log`
--

DROP TABLE IF EXISTS `call_progress_log`;
/*!40101 SET @saved_cs_client     = @@character_set_client */;
/*!40101 SET character_set_client = utf8 */;
CREATE TABLE `call_progress_log` (
  `id` int(10) unsigned NOT NULL AUTO_INCREMENT,
  `datetime_entry` datetime NOT NULL,
  `id_campaign_incoming` int(10) unsigned DEFAULT NULL,
  `id_call_incoming` int(10) unsigned DEFAULT NULL,
  `id_campaign_outgoing` int(10) unsigned DEFAULT NULL,
  `id_call_outgoing` int(10) unsigned DEFAULT NULL,
  `new_status` varchar(32) NOT NULL,
  `retry` int(10) unsigned DEFAULT NULL,
  `uniqueid` varchar(32) DEFAULT NULL,
  `trunk` varchar(20) DEFAULT NULL,
  `id_agent` int(10) unsigned DEFAULT NULL,
  `duration` int(10) unsigned DEFAULT NULL,
  PRIMARY KEY (`id`),
  KEY `call_progress_log_ibfk_4` (`id_agent`),
  KEY `call_progress_log_ibfk_5` (`id_campaign_incoming`),
  KEY `call_progress_log_ibfk_6` (`id_campaign_outgoing`),
  KEY `incoming_datetime_entry` (`id_call_incoming`,`datetime_entry`),
  KEY `outgoing_datetime_entry` (`id_call_outgoing`,`datetime_entry`),
  CONSTRAINT `call_progress_log_ibfk_1` FOREIGN KEY (`id_call_incoming`) REFERENCES `call_entry` (`id`),
  CONSTRAINT `call_progress_log_ibfk_2` FOREIGN KEY (`id_call_outgoing`) REFERENCES `calls` (`id`),
  CONSTRAINT `call_progress_log_ibfk_4` FOREIGN KEY (`id_agent`) REFERENCES `agent` (`id`),
  CONSTRAINT `call_progress_log_ibfk_5` FOREIGN KEY (`id_campaign_incoming`) REFERENCES `campaign_entry` (`id`),
  CONSTRAINT `call_progress_log_ibfk_6` FOREIGN KEY (`id_campaign_outgoing`) REFERENCES `campaign` (`id`)
) ENGINE=InnoDB AUTO_INCREMENT=243 DEFAULT CHARSET=utf8mb3;
/*!40101 SET character_set_client = @saved_cs_client */;

--
-- Dumping data for table `call_progress_log`
--

LOCK TABLES `call_progress_log` WRITE;
/*!40000 ALTER TABLE `call_progress_log` DISABLE KEYS */;
INSERT INTO `call_progress_log` VALUES (1,'2022-03-25 13:22:33',NULL,1,NULL,NULL,'OnQueue',0,'1648194753.456','SIP/1001',NULL,NULL),(2,'2022-03-25 13:22:41',NULL,1,NULL,NULL,'Abandoned',0,'1648194753.456','SIP/1001',NULL,NULL),(3,'2022-03-25 13:23:16',NULL,2,NULL,NULL,'OnQueue',0,'1648194770.468','SIP/1001',NULL,NULL),(4,'2022-03-25 13:23:23',NULL,2,NULL,NULL,'Success',0,'1648194770.468','SIP/1001',1,NULL),(5,'2022-03-25 13:23:26',NULL,2,NULL,NULL,'Hangup',0,'1648194770.468','SIP/1001',1,4),(6,'2022-03-25 13:27:38',NULL,3,NULL,NULL,'OnQueue',0,'1648195058.493','SIP/1001',NULL,NULL),(7,'2022-03-25 13:28:02',NULL,3,NULL,NULL,'Abandoned',0,'1648195058.493','SIP/1001',NULL,NULL),(8,'2022-03-25 13:29:19',NULL,4,NULL,NULL,'OnQueue',0,'1648195159.522','SIP/1001',NULL,NULL),(9,'2022-03-25 13:29:26',NULL,4,NULL,NULL,'Abandoned',0,'1648195159.522','SIP/1001',NULL,NULL),(10,'2022-03-25 13:31:30',NULL,5,NULL,NULL,'OnQueue',0,'1648195289.551','SIP/1001',NULL,NULL),(11,'2022-03-25 13:31:37',NULL,5,NULL,NULL,'Abandoned',0,'1648195289.551','SIP/1001',NULL,NULL),(12,'2022-03-25 13:32:27',NULL,6,NULL,NULL,'OnQueue',0,'1648195347.568','SIP/1002',NULL,NULL),(13,'2022-03-25 13:32:30',NULL,6,NULL,NULL,'Success',0,'1648195347.568','SIP/1002',1,NULL),(14,'2022-03-25 13:32:37',NULL,7,NULL,NULL,'OnQueue',0,'1648195357.576','SIP/1001',NULL,NULL),(15,'2022-03-25 13:32:43',NULL,7,NULL,NULL,'Abandoned',0,'1648195357.576','SIP/1001',NULL,NULL),(16,'2022-03-25 13:33:04',NULL,6,NULL,NULL,'Hangup',0,'1648195347.568','SIP/1002',1,34),(17,'2022-03-25 13:35:02',NULL,8,NULL,NULL,'OnQueue',0,'1648195502.604','SIP/1002',NULL,NULL),(18,'2022-03-25 13:35:04',NULL,8,NULL,NULL,'Success',0,'1648195502.604','SIP/1002',1,NULL),(19,'2022-03-25 13:35:14',NULL,9,NULL,NULL,'OnQueue',0,'1648195514.612','SIP/1001',NULL,NULL),(20,'2022-03-25 13:35:17',NULL,9,NULL,NULL,'Abandoned',0,'1648195514.612','SIP/1001',NULL,NULL),(21,'2022-03-25 13:36:08',NULL,8,NULL,NULL,'Hangup',0,'1648195502.604','SIP/1002',1,65),(22,'2022-03-25 13:36:58',NULL,10,NULL,NULL,'OnQueue',0,'1648195618.658','SIP/1002',NULL,NULL),(23,'2022-03-25 13:37:00',NULL,10,NULL,NULL,'Abandoned',0,'1648195618.658','SIP/1002',NULL,NULL),(24,'2022-03-25 13:37:01',NULL,11,NULL,NULL,'OnQueue',0,'1648195621.670','SIP/1002',NULL,NULL),(25,'2022-03-25 13:37:03',NULL,11,NULL,NULL,'Success',0,'1648195621.670','SIP/1002',1,NULL),(26,'2022-03-25 13:37:12',NULL,12,NULL,NULL,'OnQueue',0,'1648195631.678','SIP/1001',NULL,NULL),(27,'2022-03-25 13:37:16',NULL,12,NULL,NULL,'Abandoned',0,'1648195631.678','SIP/1001',NULL,NULL),(28,'2022-03-25 13:37:21',NULL,11,NULL,NULL,'Hangup',0,'1648195621.670','SIP/1002',1,18),(29,'2022-03-25 13:40:38',NULL,13,NULL,NULL,'OnQueue',0,'1648195838.707','SIP/1002',NULL,NULL),(30,'2022-03-25 13:40:40',NULL,13,NULL,NULL,'Success',0,'1648195838.707','SIP/1002',1,NULL),(31,'2022-03-25 13:40:52',NULL,14,NULL,NULL,'OnQueue',0,'1648195852.715','SIP/1001',NULL,NULL),(32,'2022-03-25 13:40:55',NULL,14,NULL,NULL,'Abandoned',0,'1648195852.715','SIP/1001',NULL,NULL),(33,'2022-03-25 13:41:16',NULL,15,NULL,NULL,'OnQueue',0,'1648195876.727','SIP/1001',NULL,NULL),(34,'2022-03-25 13:41:22',NULL,15,NULL,NULL,'Success',0,'1648195876.727','SIP/1001',1,NULL),(35,'2022-03-25 13:41:24',NULL,13,NULL,NULL,'Hangup',0,'1648195838.707','SIP/1002',1,44),(36,'2022-03-25 13:41:26',NULL,15,NULL,NULL,'Hangup',0,'1648195876.727','SIP/1001',1,3),(37,'2022-03-25 13:41:29',NULL,16,NULL,NULL,'OnQueue',0,'1648195889.753','SIP/1002',NULL,NULL),(38,'2022-03-25 13:41:30',NULL,16,NULL,NULL,'Success',0,'1648195889.753','SIP/1002',1,NULL),(39,'2022-03-25 13:41:33',NULL,17,NULL,NULL,'OnQueue',0,'1648195893.761','SIP/1001',NULL,NULL),(40,'2022-03-25 13:41:38',NULL,17,NULL,NULL,'Success',0,'1648195893.761','SIP/1001',1,NULL),(41,'2022-03-25 13:41:38',NULL,17,NULL,NULL,'Hangup',0,'1648195893.761','SIP/1001',1,1),(42,'2022-03-25 13:41:40',NULL,16,NULL,NULL,'Hangup',0,'1648195889.753','SIP/1002',1,9),(43,'2022-03-31 10:46:27',NULL,18,NULL,NULL,'OnQueue',0,'1648703727.1492','SIP/1002',NULL,NULL),(44,'2022-03-31 10:46:32',NULL,18,NULL,NULL,'Success',0,'1648703727.1492','SIP/1002',1,NULL),(45,'2022-03-31 10:46:48',NULL,18,NULL,NULL,'Hangup',0,'1648703727.1492','SIP/1002',1,16),(46,'2022-03-31 10:49:55',NULL,19,NULL,NULL,'OnQueue',0,'1648703965.1519','SIP/1002',NULL,NULL),(47,'2022-03-31 10:50:21',NULL,19,NULL,NULL,'Abandoned',0,'1648703965.1519','SIP/1002',NULL,NULL),(48,'2022-03-31 10:50:35',NULL,20,NULL,NULL,'OnQueue',0,'1648704035.1527','SIP/1002',NULL,NULL),(49,'2022-03-31 10:50:42',NULL,20,NULL,NULL,'Abandoned',0,'1648704035.1527','SIP/1002',NULL,NULL),(50,'2022-03-31 10:56:58',NULL,21,NULL,NULL,'OnQueue',0,'1648704390.1535','SIP/1002',NULL,NULL),(51,'2022-03-31 10:57:02',NULL,21,NULL,NULL,'Success',0,'1648704390.1535','SIP/1002',1,NULL),(52,'2022-03-31 10:57:09',NULL,21,NULL,NULL,'Hangup',0,'1648704390.1535','SIP/1002',1,6),(53,'2022-03-31 11:09:26',NULL,22,NULL,NULL,'OnQueue',0,'1648705124.1570','SIP/1002',NULL,NULL),(54,'2022-03-31 11:09:29',NULL,22,NULL,NULL,'Success',0,'1648705124.1570','SIP/1002',1,NULL),(55,'2022-03-31 11:09:45',NULL,22,NULL,NULL,'Hangup',0,'1648705124.1570','SIP/1002',1,17),(56,'2022-03-31 11:12:54',NULL,23,NULL,NULL,'OnQueue',0,'1648705327.1589','SIP/1002',NULL,NULL),(57,'2022-03-31 11:13:00',NULL,23,NULL,NULL,'Success',0,'1648705327.1589','SIP/1002',1,NULL),(58,'2022-03-31 11:14:08',NULL,23,NULL,NULL,'Hangup',0,'1648705327.1589','SIP/1002',1,68),(59,'2022-03-31 11:19:03',NULL,24,NULL,NULL,'OnQueue',0,'1648705708.1608','SIP/1002',NULL,NULL),(60,'2022-03-31 11:19:15',NULL,24,NULL,NULL,'Success',0,'1648705708.1608','SIP/1002',1,NULL),(61,'2022-03-31 11:19:56',NULL,24,NULL,NULL,'Hangup',0,'1648705708.1608','SIP/1002',1,41),(62,'2022-03-31 11:32:51',NULL,25,NULL,NULL,'OnQueue',0,'1648706499.1646','SIP/1002',NULL,NULL),(63,'2022-03-31 11:32:58',NULL,25,NULL,NULL,'Success',0,'1648706499.1646','SIP/1002',1,NULL),(64,'2022-03-31 11:33:58',NULL,25,NULL,NULL,'Hangup',0,'1648706499.1646','SIP/1002',1,60),(65,'2022-03-31 11:36:11',NULL,26,NULL,NULL,'OnQueue',0,'1648706749.1670','SIP/1002',NULL,NULL),(66,'2022-03-31 11:36:25',NULL,26,NULL,NULL,'Success',0,'1648706749.1670','SIP/1002',1,NULL),(67,'2022-03-31 11:37:48',NULL,26,NULL,NULL,'Hangup',0,'1648706749.1670','SIP/1002',1,83),(68,'2022-03-31 12:17:03',NULL,27,NULL,NULL,'OnQueue',0,'1648709191.1762','SIP/1002',NULL,NULL),(69,'2022-03-31 12:17:09',NULL,27,NULL,NULL,'Abandoned',0,'1648709191.1762','SIP/1002',NULL,NULL),(70,'2022-03-31 12:23:47',NULL,28,NULL,NULL,'OnQueue',0,'1648709600.1774','SIP/1002',NULL,NULL),(71,'2022-03-31 12:23:55',NULL,28,NULL,NULL,'Abandoned',0,'1648709600.1774','SIP/1002',NULL,NULL),(72,'2022-03-31 12:24:14',NULL,29,NULL,NULL,'OnQueue',0,'1648709632.1781','SIP/1000',NULL,NULL),(73,'2022-03-31 12:24:20',NULL,29,NULL,NULL,'Abandoned',0,'1648709632.1781','SIP/1000',NULL,NULL),(74,'2022-03-31 12:29:11',NULL,30,NULL,NULL,'OnQueue',0,'1648709926.1804','SIP/1002',NULL,NULL),(75,'2022-03-31 12:29:11',NULL,30,NULL,NULL,'Abandoned',0,'1648709926.1804','SIP/1002',NULL,NULL),(76,'2022-03-31 12:31:39',NULL,31,NULL,NULL,'OnQueue',0,'1648710073.1824','SIP/1002',NULL,NULL),(77,'2022-03-31 12:31:45',NULL,31,NULL,NULL,'Abandoned',0,'1648710073.1824','SIP/1002',NULL,NULL),(78,'2022-04-01 11:15:36',NULL,32,NULL,NULL,'OnQueue',0,'1648791906.2273','SIP/1002',NULL,NULL),(79,'2022-04-01 11:16:03',NULL,32,NULL,NULL,'Abandoned',0,'1648791906.2273','SIP/1002',NULL,NULL),(80,'2022-04-01 11:19:46',NULL,33,NULL,NULL,'OnQueue',0,'1648792154.2281','SIP/1002',NULL,NULL),(81,'2022-04-01 11:19:51',NULL,33,NULL,NULL,'Success',0,'1648792154.2281','SIP/1002',1,NULL),(82,'2022-04-01 11:20:23',NULL,33,NULL,NULL,'Hangup',0,'1648792154.2281','SIP/1002',1,32),(83,'2022-04-01 11:28:26',NULL,34,NULL,NULL,'OnQueue',0,'1648792678.2326','SIP/1002',NULL,NULL),(84,'2022-04-01 11:28:43',NULL,34,NULL,NULL,'Abandoned',0,'1648792678.2326','SIP/1002',NULL,NULL),(85,'2022-04-01 11:31:05',NULL,35,NULL,NULL,'OnQueue',0,'1648792832.2338','SIP/1002',NULL,NULL),(86,'2022-04-01 11:31:11',NULL,35,NULL,NULL,'Success',0,'1648792832.2338','SIP/1002',1,NULL),(87,'2022-04-01 11:31:40',NULL,35,NULL,NULL,'Hangup',0,'1648792832.2338','SIP/1002',1,29),(88,'2022-04-06 10:49:45',NULL,36,NULL,NULL,'OnQueue',0,'1649222366.2463','SIP/AvayaTrunk1',NULL,NULL),(89,'2022-04-06 10:52:31',NULL,36,NULL,NULL,'Abandoned',0,'1649222366.2463','SIP/AvayaTrunk1',NULL,NULL),(90,'2022-04-06 10:54:51',NULL,37,NULL,NULL,'OnQueue',0,'1649222671.2471','SIP/AvayaTrunk1',NULL,NULL),(91,'2022-04-06 10:55:38',NULL,37,NULL,NULL,'Abandoned',0,'1649222671.2471','SIP/AvayaTrunk1',NULL,NULL),(92,'2022-04-06 15:28:25',NULL,38,NULL,NULL,'OnQueue',0,'1649239049.2503','SIP/AvayaTrunk1',NULL,NULL),(93,'2022-04-06 15:34:18',NULL,38,NULL,NULL,'Abandoned',0,'1649239049.2503','SIP/AvayaTrunk1',NULL,NULL),(94,'2022-04-07 14:06:18',NULL,39,NULL,NULL,'OnQueue',0,'1649320374.2567','SIP/AvayaTrunk1',NULL,NULL),(95,'2022-04-07 14:07:02',NULL,39,NULL,NULL,'Abandoned',0,'1649320374.2567','SIP/AvayaTrunk1',NULL,NULL),(96,'2022-04-07 15:17:45',NULL,40,NULL,NULL,'OnQueue',0,'1649324825.2639','SIP/1000',NULL,NULL),(97,'2022-04-07 15:17:48',NULL,40,NULL,NULL,'Abandoned',0,'1649324825.2639','SIP/1000',NULL,NULL),(98,'2022-04-07 17:06:35',NULL,41,NULL,NULL,'OnQueue',0,'1649331358.2655','SIP/AvayaTrunk1',NULL,NULL),(99,'2022-04-07 17:06:54',NULL,41,NULL,NULL,'Abandoned',0,'1649331358.2655','SIP/AvayaTrunk1',NULL,NULL),(100,'2022-04-12 10:11:03',NULL,42,NULL,NULL,'OnQueue',0,'1649738321.2751','SIP/AvayaTrunk1',NULL,NULL),(101,'2022-04-12 10:13:44',NULL,42,NULL,NULL,'Abandoned',0,'1649738321.2751','SIP/AvayaTrunk1',NULL,NULL),(102,'2022-04-22 11:50:24',NULL,43,NULL,NULL,'OnQueue',0,'1650608424.16','SIP/1001',NULL,NULL),(103,'2022-04-22 11:50:30',NULL,43,NULL,NULL,'Abandoned',0,'1650608424.16','SIP/1001',NULL,NULL),(104,'2022-04-25 21:26:04',NULL,44,NULL,NULL,'OnQueue',0,'1650902113.24','SIP/1001',NULL,NULL),(105,'2022-04-25 21:26:09',NULL,44,NULL,NULL,'Abandoned',0,'1650902113.24','SIP/1001',NULL,NULL),(106,'2022-04-27 10:37:28',NULL,45,NULL,NULL,'OnQueue',0,'1651035998.37','SIP/1001',NULL,NULL),(107,'2022-04-27 10:37:39',NULL,45,NULL,NULL,'Abandoned',0,'1651035998.37','SIP/1001',NULL,NULL),(108,'2022-04-27 10:42:11',NULL,46,NULL,NULL,'OnQueue',0,'1651036274.69','SIP/1001',NULL,NULL),(109,'2022-04-27 10:42:35',NULL,46,NULL,NULL,'Abandoned',0,'1651036274.69','SIP/1001',NULL,NULL),(110,'2022-04-30 13:30:28',NULL,47,NULL,NULL,'OnQueue',0,'1651305596.8','SIP/1000',NULL,NULL),(111,'2022-04-30 13:30:36',NULL,47,NULL,NULL,'Abandoned',0,'1651305596.8','SIP/1000',NULL,NULL),(112,'2022-04-30 13:31:09',NULL,48,NULL,NULL,'OnQueue',0,'1651305648.20','SIP/1001',NULL,NULL),(113,'2022-04-30 13:31:12',NULL,48,NULL,NULL,'Success',0,'1651305648.20','SIP/1001',1,NULL),(114,'2022-04-30 13:31:18',NULL,48,NULL,NULL,'Hangup',0,'1651305648.20','SIP/1001',1,6),(115,'2022-05-14 22:08:59',NULL,49,NULL,NULL,'OnQueue',0,'1652546339.0','SIP/1001',NULL,NULL),(116,'2022-05-14 22:09:04',NULL,49,NULL,NULL,'Success',0,'1652546339.0','SIP/1001',1,NULL),(117,'2022-05-14 22:10:13',NULL,49,NULL,NULL,'Hangup',0,'1652546339.0','SIP/1001',1,69),(118,'2022-05-21 13:08:41',NULL,50,NULL,NULL,'OnQueue',0,'1653118721.0','SIP/1001',NULL,NULL),(119,'2022-05-21 13:08:44',NULL,50,NULL,NULL,'Success',0,'1653118721.0','SIP/1001',1,NULL),(120,'2022-05-21 13:08:50',NULL,50,NULL,NULL,'Hangup',0,'1653118721.0','SIP/1001',1,7),(121,'2022-05-21 13:18:45',NULL,51,NULL,NULL,'OnQueue',0,'1653119325.19','SIP/1000',NULL,NULL),(122,'2022-05-21 13:18:48',NULL,51,NULL,NULL,'Abandoned',0,'1653119325.19','SIP/1000',NULL,NULL),(123,'2022-05-21 13:19:03',NULL,52,NULL,NULL,'OnQueue',0,'1653119343.31','SIP/1001',NULL,NULL),(124,'2022-05-21 13:19:06',NULL,52,NULL,NULL,'Success',0,'1653119343.31','SIP/1001',1,NULL),(125,'2022-05-21 13:20:06',NULL,52,NULL,NULL,'Hangup',0,'1653119343.31','SIP/1001',1,60),(126,'2022-05-21 13:27:59',NULL,53,NULL,NULL,'OnQueue',0,'1653119879.48','SIP/1001',NULL,NULL),(127,'2022-05-21 13:28:01',NULL,53,NULL,NULL,'Success',0,'1653119879.48','SIP/1001',1,NULL),(128,'2022-05-21 13:28:24',NULL,53,NULL,NULL,'Hangup',0,'1653119879.48','SIP/1001',1,23),(129,'2022-05-21 13:39:49',NULL,54,NULL,NULL,'OnQueue',0,'1653120589.67','SIP/1000',NULL,NULL),(130,'2022-05-21 13:39:53',NULL,54,NULL,NULL,'Abandoned',0,'1653120589.67','SIP/1000',NULL,NULL),(131,'2022-05-21 13:39:56',NULL,55,NULL,NULL,'OnQueue',0,'1653120596.79','SIP/1001',NULL,NULL),(132,'2022-05-21 13:39:58',NULL,55,NULL,NULL,'Success',0,'1653120596.79','SIP/1001',1,NULL),(133,'2022-05-21 13:40:26',NULL,55,NULL,NULL,'Hangup',0,'1653120596.79','SIP/1001',1,28),(134,'2022-05-21 13:43:25',NULL,56,NULL,NULL,'OnQueue',0,'1653120804.98','SIP/1000',NULL,NULL),(135,'2022-05-21 13:43:30',NULL,56,NULL,NULL,'Abandoned',0,'1653120804.98','SIP/1000',NULL,NULL),(136,'2022-05-21 13:43:35',NULL,57,NULL,NULL,'OnQueue',0,'1653120815.110','SIP/1001',NULL,NULL),(137,'2022-05-21 13:43:37',NULL,57,NULL,NULL,'Success',0,'1653120815.110','SIP/1001',1,NULL),(138,'2022-05-21 13:43:40',NULL,57,NULL,NULL,'Hangup',0,'1653120815.110','SIP/1001',1,3),(139,'2022-05-21 15:49:58',NULL,58,NULL,NULL,'OnQueue',0,'1653128398.129','SIP/1001',NULL,NULL),(140,'2022-05-21 15:50:00',NULL,58,NULL,NULL,'Success',0,'1653128398.129','SIP/1001',1,NULL),(141,'2022-05-21 15:50:06',NULL,58,NULL,NULL,'Hangup',0,'1653128398.129','SIP/1001',1,6),(142,'2022-05-21 15:55:09',NULL,59,NULL,NULL,'OnQueue',0,'1653128709.148','SIP/1001',NULL,NULL),(143,'2022-05-21 15:55:12',NULL,59,NULL,NULL,'Success',0,'1653128709.148','SIP/1001',1,NULL),(144,'2022-05-21 15:55:17',NULL,59,NULL,NULL,'Hangup',0,'1653128709.148','SIP/1001',1,5),(145,'2022-05-21 16:07:44',NULL,60,NULL,NULL,'OnQueue',0,'1653129463.167','SIP/1001',NULL,NULL),(146,'2022-05-21 16:07:45',NULL,60,NULL,NULL,'Success',0,'1653129463.167','SIP/1001',1,NULL),(147,'2022-05-21 16:09:40',NULL,60,NULL,NULL,'Hangup',0,'1653129463.167','SIP/1001',1,115),(148,'2022-05-21 16:09:44',NULL,61,NULL,NULL,'OnQueue',0,'1653129583.184','SIP/1001',NULL,NULL),(149,'2022-05-21 16:09:45',NULL,61,NULL,NULL,'Success',0,'1653129583.184','SIP/1001',1,NULL),(150,'2022-05-21 16:13:03',NULL,61,NULL,NULL,'Hangup',0,'1653129583.184','SIP/1001',1,197),(151,'2022-05-21 16:13:31',NULL,62,NULL,NULL,'OnQueue',0,'1653129811.201','SIP/1001',NULL,NULL),(152,'2022-05-21 16:13:33',NULL,62,NULL,NULL,'Success',0,'1653129811.201','SIP/1001',1,NULL),(153,'2022-05-21 16:33:42',NULL,62,NULL,NULL,'Hangup',0,'1653129811.201','SIP/1001',1,1209),(154,'2022-05-21 16:33:54',NULL,63,NULL,NULL,'OnQueue',0,'1653131034.218','SIP/1001',NULL,NULL),(155,'2022-05-21 16:33:57',NULL,63,NULL,NULL,'Success',0,'1653131034.218','SIP/1001',1,NULL),(156,'2022-05-21 16:34:08',NULL,63,NULL,NULL,'Hangup',0,'1653131034.218','SIP/1001',1,12),(157,'2022-05-21 16:35:15',NULL,64,NULL,NULL,'OnQueue',0,'1653131115.237','SIP/1001',NULL,NULL),(158,'2022-05-21 16:35:17',NULL,64,NULL,NULL,'Success',0,'1653131115.237','SIP/1001',1,NULL),(159,'2022-05-21 16:47:33',NULL,64,NULL,NULL,'Hangup',0,'1653131115.237','SIP/1001',1,736),(160,'2022-05-21 16:49:23',NULL,65,NULL,NULL,'OnQueue',0,'1653131963.254','SIP/1001',NULL,NULL),(161,'2022-05-21 16:49:25',NULL,65,NULL,NULL,'Success',0,'1653131963.254','SIP/1001',1,NULL),(162,'2022-05-21 17:03:45',NULL,65,NULL,NULL,'Hangup',0,'1653131963.254','SIP/1001',1,860),(163,'2022-05-21 17:05:45',NULL,66,NULL,NULL,'OnQueue',0,'1653132945.273','SIP/1001',NULL,NULL),(164,'2022-05-21 17:05:47',NULL,66,NULL,NULL,'Success',0,'1653132945.273','SIP/1001',1,NULL),(165,'2022-05-21 17:05:57',NULL,66,NULL,NULL,'Hangup',0,'1653132945.273','SIP/1001',1,10),(166,'2022-05-21 17:08:13',NULL,67,NULL,NULL,'OnQueue',0,'1653133093.292','SIP/1001',NULL,NULL),(167,'2022-05-21 17:08:15',NULL,67,NULL,NULL,'Success',0,'1653133093.292','SIP/1001',1,NULL),(168,'2022-05-21 17:08:20',NULL,67,NULL,NULL,'Hangup',0,'1653133093.292','SIP/1001',1,5),(169,'2022-05-21 17:09:22',NULL,68,NULL,NULL,'OnQueue',0,'1653133162.311','SIP/1001',NULL,NULL),(170,'2022-05-21 17:09:24',NULL,68,NULL,NULL,'Success',0,'1653133162.311','SIP/1001',1,NULL),(171,'2022-05-21 17:09:47',NULL,68,NULL,NULL,'Hangup',0,'1653133162.311','SIP/1001',1,23),(172,'2022-05-21 17:09:58',NULL,69,NULL,NULL,'OnQueue',0,'1653133198.328','SIP/1001',NULL,NULL),(173,'2022-05-21 17:09:59',NULL,69,NULL,NULL,'Success',0,'1653133198.328','SIP/1001',1,NULL),(174,'2022-05-21 17:12:19',NULL,69,NULL,NULL,'Hangup',0,'1653133198.328','SIP/1001',1,140),(175,'2022-05-21 17:12:35',NULL,70,NULL,NULL,'OnQueue',0,'1653133354.345','SIP/1001',NULL,NULL),(176,'2022-05-21 17:12:36',NULL,70,NULL,NULL,'Success',0,'1653133354.345','SIP/1001',1,NULL),(177,'2022-05-21 17:13:44',NULL,70,NULL,NULL,'Hangup',0,'1653133354.345','SIP/1001',1,68),(178,'2022-05-21 17:14:14',NULL,71,NULL,NULL,'OnQueue',0,'1653133454.364','SIP/1001',NULL,NULL),(179,'2022-05-21 17:14:16',NULL,71,NULL,NULL,'Success',0,'1653133454.364','SIP/1001',1,NULL),(180,'2022-05-21 17:14:20',NULL,71,NULL,NULL,'Hangup',0,'1653133454.364','SIP/1001',1,4),(181,'2022-05-21 17:15:42',NULL,72,NULL,NULL,'OnQueue',0,'1653133541.383','SIP/1001',NULL,NULL),(182,'2022-05-21 17:15:44',NULL,72,NULL,NULL,'Success',0,'1653133541.383','SIP/1001',1,NULL),(183,'2022-05-21 17:15:46',NULL,72,NULL,NULL,'Hangup',0,'1653133541.383','SIP/1001',1,2),(184,'2022-05-23 11:06:15',NULL,73,NULL,NULL,'OnQueue',0,'1653284175.0','SIP/1001',NULL,NULL),(185,'2022-05-23 11:06:17',NULL,73,NULL,NULL,'Success',0,'1653284175.0','SIP/1001',1,NULL),(186,'2022-05-23 11:06:39',NULL,73,NULL,NULL,'Hangup',0,'1653284175.0','SIP/1001',1,22),(187,'2022-05-26 10:27:59',NULL,74,NULL,NULL,'OnQueue',0,'1653541078.8','SIP/1001',NULL,NULL),(188,'2022-05-26 10:28:00',NULL,74,NULL,NULL,'Success',0,'1653541078.8','SIP/1001',1,NULL),(189,'2022-05-26 11:13:19',NULL,74,NULL,NULL,'Hangup',0,'1653541078.8','SIP/1001',1,2719),(190,'2022-05-29 16:23:24',NULL,75,NULL,NULL,'OnQueue',0,'1653821583.0','SIP/1001',NULL,NULL),(191,'2022-05-29 16:23:52',NULL,75,NULL,NULL,'Abandoned',0,'1653821583.0','SIP/1001',NULL,NULL),(192,'2022-05-29 16:25:22',NULL,76,NULL,NULL,'OnQueue',0,'1653821722.8','SIP/1001',NULL,NULL),(193,'2022-05-29 16:25:53',NULL,76,NULL,NULL,'Success',0,'1653821722.8','SIP/1001',1,NULL),(194,'2022-05-29 16:26:57',NULL,76,NULL,NULL,'Hangup',0,'1653821722.8','SIP/1001',1,64),(195,'2022-05-29 16:27:19',NULL,77,NULL,NULL,'OnQueue',0,'1653821839.25','SIP/1001',NULL,NULL),(196,'2022-05-29 16:27:22',NULL,77,NULL,NULL,'Success',0,'1653821839.25','SIP/1001',1,NULL),(197,'2022-05-29 16:27:51',NULL,77,NULL,NULL,'Hangup',0,'1653821839.25','SIP/1001',1,29),(198,'2022-05-29 17:11:35',NULL,78,NULL,NULL,'OnQueue',0,'1653824494.44','SIP/1002',NULL,NULL),(199,'2022-05-29 17:12:41',NULL,78,NULL,NULL,'Success',0,'1653824494.44','SIP/1002',1,NULL),(200,'2022-05-29 17:12:49',NULL,78,NULL,NULL,'Hangup',0,'1653824494.44','SIP/1002',1,9),(201,'2022-05-29 17:14:14',NULL,79,NULL,NULL,'OnQueue',0,'1653824654.87','SIP/1002',NULL,NULL),(202,'2022-05-29 17:14:38',NULL,79,NULL,NULL,'Success',0,'1653824654.87','SIP/1002',1,NULL),(203,'2022-05-29 17:16:04',NULL,79,NULL,NULL,'Hangup',0,'1653824654.87','SIP/1002',1,87),(204,'2022-05-29 17:17:10',NULL,80,NULL,NULL,'OnQueue',0,'1653824830.110','SIP/1002',NULL,NULL),(205,'2022-05-29 17:17:35',NULL,80,NULL,NULL,'Success',0,'1653824830.110','SIP/1002',1,NULL),(206,'2022-05-29 17:27:52',NULL,80,NULL,NULL,'Hangup',0,'1653824830.110','SIP/1002',1,617),(207,'2022-05-29 17:48:51',NULL,81,NULL,NULL,'OnQueue',0,'1653826731.135','SIP/1002',NULL,NULL),(208,'2022-05-29 17:49:14',NULL,81,NULL,NULL,'Success',0,'1653826731.135','SIP/1002',1,NULL),(209,'2022-05-29 17:51:15',NULL,81,NULL,NULL,'Hangup',0,'1653826731.135','SIP/1002',1,121),(210,'2022-05-29 17:53:04',NULL,82,NULL,NULL,'OnQueue',0,'1653826984.160','SIP/1002',NULL,NULL),(211,'2022-05-29 17:53:13',NULL,82,NULL,NULL,'Success',0,'1653826984.160','SIP/1002',3,NULL),(212,'2022-05-29 17:53:21',NULL,82,NULL,NULL,'Hangup',0,'1653826984.160','SIP/1002',3,8),(213,'2022-06-06 18:42:24',NULL,83,NULL,NULL,'OnQueue',0,'1654521144.0','SIP/1001',NULL,NULL),(214,'2022-06-06 18:42:28',NULL,83,NULL,NULL,'Success',0,'1654521144.0','SIP/1001',1,NULL),(215,'2022-06-06 18:49:02',NULL,83,NULL,NULL,'Hangup',0,'1654521144.0','SIP/1001',1,394),(216,'2022-06-06 18:49:23',NULL,84,NULL,NULL,'OnQueue',0,'1654521562.19','SIP/1001',NULL,NULL),(217,'2022-06-06 18:49:25',NULL,84,NULL,NULL,'Success',0,'1654521562.19','SIP/1001',1,NULL),(218,'2022-06-06 18:51:45',NULL,84,NULL,NULL,'Hangup',0,'1654521562.19','SIP/1001',1,140),(219,'2022-06-06 18:51:59',NULL,85,NULL,NULL,'OnQueue',0,'1654521719.36','SIP/1001',NULL,NULL),(220,'2022-06-06 18:52:01',NULL,85,NULL,NULL,'Success',0,'1654521719.36','SIP/1001',1,NULL),(221,'2022-06-06 19:13:38',NULL,85,NULL,NULL,'Hangup',0,'1654521719.36','SIP/1001',1,1297),(222,'2022-06-07 12:08:31',NULL,86,NULL,NULL,'OnQueue',0,'1654583911.8','SIP/1001',NULL,NULL),(223,'2022-06-07 12:08:34',NULL,86,NULL,NULL,'Success',0,'1654583911.8','SIP/1001',1,NULL),(224,'2022-06-07 12:47:30',NULL,86,NULL,NULL,'Hangup',0,'1654583911.8','SIP/1001',1,2336),(225,'2022-06-07 12:47:55',NULL,87,NULL,NULL,'OnQueue',0,'1654586275.27','SIP/1001',NULL,NULL),(226,'2022-06-07 12:47:57',NULL,87,NULL,NULL,'Success',0,'1654586275.27','SIP/1001',1,NULL),(227,'2022-06-07 12:49:28',NULL,87,NULL,NULL,'Hangup',0,'1654586275.27','SIP/1001',1,91),(228,'2022-06-07 13:21:38',NULL,88,NULL,NULL,'OnQueue',0,'1654588298.44','SIP/1001',NULL,NULL),(229,'2022-06-07 13:21:47',NULL,88,NULL,NULL,'Abandoned',0,'1654588298.44','SIP/1001',NULL,NULL),(230,'2022-06-07 13:22:33',NULL,89,NULL,NULL,'OnQueue',0,'1654588352.52','SIP/1001',NULL,NULL),(231,'2022-06-07 13:22:59',NULL,89,NULL,NULL,'Abandoned',0,'1654588352.52','SIP/1001',NULL,NULL),(232,'2022-06-07 13:24:24',NULL,90,NULL,NULL,'OnQueue',0,'1654588464.75','SIP/1001',NULL,NULL),(233,'2022-06-07 13:24:49',NULL,90,NULL,NULL,'Abandoned',0,'1654588464.75','SIP/1001',NULL,NULL),(234,'2022-06-07 13:27:11',NULL,91,NULL,NULL,'OnQueue',0,'1654588630.93','SIP/1001',NULL,NULL),(235,'2022-06-07 13:27:55',NULL,91,NULL,NULL,'Success',0,'1654588630.93','SIP/1001',1,NULL),(236,'2022-06-07 13:28:17',NULL,91,NULL,NULL,'Hangup',0,'1654588630.93','SIP/1001',1,22),(237,'2022-06-07 15:03:31',NULL,92,NULL,NULL,'OnQueue',0,'1654594411.122','SIP/1001',NULL,NULL),(238,'2022-06-07 15:03:33',NULL,92,NULL,NULL,'Success',0,'1654594411.122','SIP/1001',1,NULL),(239,'2022-06-07 15:11:26',NULL,92,NULL,NULL,'Hangup',0,'1654594411.122','SIP/1001',1,473),(240,'2022-06-07 15:11:42',NULL,93,NULL,NULL,'OnQueue',0,'1654594902.139','SIP/1001',NULL,NULL),(241,'2022-06-07 15:11:44',NULL,93,NULL,NULL,'Success',0,'1654594902.139','SIP/1001',1,NULL),(242,'2022-06-07 15:12:22',NULL,93,NULL,NULL,'Hangup',0,'1654594902.139','SIP/1001',1,38);
/*!40000 ALTER TABLE `call_progress_log` ENABLE KEYS */;
UNLOCK TABLES;

--
-- Table structure for table `call_recording`
--

DROP TABLE IF EXISTS `call_recording`;
/*!40101 SET @saved_cs_client     = @@character_set_client */;
/*!40101 SET character_set_client = utf8 */;
CREATE TABLE `call_recording` (
  `id` int(10) unsigned NOT NULL AUTO_INCREMENT,
  `datetime_entry` datetime NOT NULL,
  `id_call_incoming` int(10) unsigned DEFAULT NULL,
  `id_call_outgoing` int(10) unsigned DEFAULT NULL,
  `uniqueid` varchar(32) NOT NULL,
  `channel` varchar(80) NOT NULL,
  `recordingfile` varchar(255) DEFAULT NULL,
  PRIMARY KEY (`id`),
  KEY `call_recording_ibfk_1` (`id_call_incoming`),
  KEY `call_recording_ibfk_2` (`id_call_outgoing`),
  CONSTRAINT `call_recording_ibfk_1` FOREIGN KEY (`id_call_incoming`) REFERENCES `call_entry` (`id`),
  CONSTRAINT `call_recording_ibfk_2` FOREIGN KEY (`id_call_outgoing`) REFERENCES `calls` (`id`)
) ENGINE=InnoDB AUTO_INCREMENT=3 DEFAULT CHARSET=utf8mb3;
/*!40101 SET character_set_client = @saved_cs_client */;

--
-- Dumping data for table `call_recording`
--

LOCK TABLES `call_recording` WRITE;
/*!40000 ALTER TABLE `call_recording` DISABLE KEYS */;
INSERT INTO `call_recording` VALUES (1,'2022-05-23 05:36:08',73,NULL,'1653284175.0','SIP/1001-00000000','2022/05/23/q-500-1001-20220523-110615-1653284175.0.wav'),(2,'2022-05-26 04:57:49',74,NULL,'1653541078.8','SIP/1001-00000001','2022/05/26/q-500-1001-20220526-102758-1653541078.8.wav');
/*!40000 ALTER TABLE `call_recording` ENABLE KEYS */;
UNLOCK TABLES;

--
-- Table structure for table `calls`
--

DROP TABLE IF EXISTS `calls`;
/*!40101 SET @saved_cs_client     = @@character_set_client */;
/*!40101 SET character_set_client = utf8 */;
CREATE TABLE `calls` (
  `id` int(10) unsigned NOT NULL AUTO_INCREMENT,
  `id_campaign` int(10) unsigned NOT NULL,
  `phone` varchar(32) NOT NULL,
  `status` varchar(32) DEFAULT NULL,
  `uniqueid` varchar(32) DEFAULT NULL,
  `fecha_llamada` datetime DEFAULT NULL,
  `start_time` datetime DEFAULT NULL,
  `end_time` datetime DEFAULT NULL,
  `retries` int(10) unsigned NOT NULL DEFAULT 0,
  `duration` int(10) unsigned DEFAULT NULL,
  `id_agent` int(10) unsigned DEFAULT NULL,
  `transfer` varchar(6) DEFAULT NULL,
  `datetime_entry_queue` datetime DEFAULT NULL,
  `duration_wait` int(11) DEFAULT NULL,
  `dnc` int(1) NOT NULL DEFAULT 0,
  `date_init` date DEFAULT NULL,
  `date_end` date DEFAULT NULL,
  `time_init` time DEFAULT NULL,
  `time_end` time DEFAULT NULL,
  `agent` varchar(32) DEFAULT NULL,
  `failure_cause` int(10) unsigned DEFAULT NULL,
  `failure_cause_txt` varchar(32) DEFAULT NULL,
  `datetime_originate` datetime DEFAULT NULL,
  `trunk` varchar(20) DEFAULT NULL,
  `scheduled` tinyint(1) NOT NULL DEFAULT 0,
  PRIMARY KEY (`id`),
  KEY `id_campaign` (`id_campaign`),
  KEY `calls_ibfk_2` (`id_agent`),
  KEY `campaign_date_schedule` (`id_campaign`,`date_init`,`date_end`,`time_init`,`time_end`),
  KEY `datetime_init` (`start_time`),
  KEY `datetime_entry_queue` (`datetime_entry_queue`),
  CONSTRAINT `calls_ibfk_1` FOREIGN KEY (`id_campaign`) REFERENCES `campaign` (`id`),
  CONSTRAINT `calls_ibfk_2` FOREIGN KEY (`id_agent`) REFERENCES `agent` (`id`)
) ENGINE=InnoDB DEFAULT CHARSET=utf8mb3;
/*!40101 SET character_set_client = @saved_cs_client */;

--
-- Dumping data for table `calls`
--

LOCK TABLES `calls` WRITE;
/*!40000 ALTER TABLE `calls` DISABLE KEYS */;
/*!40000 ALTER TABLE `calls` ENABLE KEYS */;
UNLOCK TABLES;

--
-- Table structure for table `campaign`
--

DROP TABLE IF EXISTS `campaign`;
/*!40101 SET @saved_cs_client     = @@character_set_client */;
/*!40101 SET character_set_client = utf8 */;
CREATE TABLE `campaign` (
  `id` int(10) unsigned NOT NULL AUTO_INCREMENT,
  `name` varchar(64) NOT NULL,
  `datetime_init` date NOT NULL,
  `datetime_end` date NOT NULL,
  `daytime_init` time NOT NULL,
  `daytime_end` time NOT NULL,
  `retries` int(10) unsigned NOT NULL DEFAULT 1,
  `trunk` varchar(255) DEFAULT NULL,
  `context` varchar(32) NOT NULL,
  `queue` varchar(16) NOT NULL,
  `max_canales` int(10) unsigned NOT NULL DEFAULT 0,
  `num_completadas` int(10) unsigned DEFAULT NULL,
  `promedio` int(10) unsigned DEFAULT NULL,
  `desviacion` int(10) unsigned DEFAULT NULL,
  `script` text NOT NULL,
  `estatus` varchar(1) NOT NULL DEFAULT 'A',
  `id_url` int(10) unsigned DEFAULT NULL,
  PRIMARY KEY (`id`),
  KEY `id_url` (`id_url`),
  CONSTRAINT `campaign_ibfk_1` FOREIGN KEY (`id_url`) REFERENCES `campaign_external_url` (`id`)
) ENGINE=InnoDB DEFAULT CHARSET=utf8mb3;
/*!40101 SET character_set_client = @saved_cs_client */;

--
-- Dumping data for table `campaign`
--

LOCK TABLES `campaign` WRITE;
/*!40000 ALTER TABLE `campaign` DISABLE KEYS */;
/*!40000 ALTER TABLE `campaign` ENABLE KEYS */;
UNLOCK TABLES;

--
-- Table structure for table `campaign_entry`
--

DROP TABLE IF EXISTS `campaign_entry`;
/*!40101 SET @saved_cs_client     = @@character_set_client */;
/*!40101 SET character_set_client = utf8 */;
CREATE TABLE `campaign_entry` (
  `id` int(10) unsigned NOT NULL AUTO_INCREMENT,
  `name` varchar(64) NOT NULL DEFAULT '',
  `id_queue_call_entry` int(10) unsigned NOT NULL,
  `id_form` int(10) unsigned DEFAULT NULL,
  `datetime_init` date NOT NULL,
  `datetime_end` date NOT NULL,
  `daytime_init` time NOT NULL,
  `daytime_end` time NOT NULL,
  `estatus` varchar(1) NOT NULL DEFAULT 'A',
  `script` text NOT NULL,
  `id_url` int(10) unsigned DEFAULT NULL,
  PRIMARY KEY (`id`),
  KEY `id_queue_call_entry` (`id_queue_call_entry`),
  KEY `id_form` (`id_form`),
  KEY `id_url` (`id_url`),
  CONSTRAINT `campaign_entry_ibfk_1` FOREIGN KEY (`id_queue_call_entry`) REFERENCES `queue_call_entry` (`id`),
  CONSTRAINT `campaign_entry_ibfk_2` FOREIGN KEY (`id_form`) REFERENCES `form` (`id`),
  CONSTRAINT `campaign_entry_ibfk_3` FOREIGN KEY (`id_url`) REFERENCES `campaign_external_url` (`id`)
) ENGINE=InnoDB DEFAULT CHARSET=latin1;
/*!40101 SET character_set_client = @saved_cs_client */;

--
-- Dumping data for table `campaign_entry`
--

LOCK TABLES `campaign_entry` WRITE;
/*!40000 ALTER TABLE `campaign_entry` DISABLE KEYS */;
/*!40000 ALTER TABLE `campaign_entry` ENABLE KEYS */;
UNLOCK TABLES;

--
-- Table structure for table `campaign_external_url`
--

DROP TABLE IF EXISTS `campaign_external_url`;
/*!40101 SET @saved_cs_client     = @@character_set_client */;
/*!40101 SET character_set_client = utf8 */;
CREATE TABLE `campaign_external_url` (
  `id` int(10) unsigned NOT NULL AUTO_INCREMENT,
  `urltemplate` varchar(250) NOT NULL,
  `description` varchar(64) NOT NULL,
  `active` tinyint(1) NOT NULL DEFAULT 1,
  `opentype` varchar(16) NOT NULL DEFAULT 'window',
  PRIMARY KEY (`id`)
) ENGINE=InnoDB DEFAULT CHARSET=utf8mb3;
/*!40101 SET character_set_client = @saved_cs_client */;

--
-- Dumping data for table `campaign_external_url`
--

LOCK TABLES `campaign_external_url` WRITE;
/*!40000 ALTER TABLE `campaign_external_url` DISABLE KEYS */;
/*!40000 ALTER TABLE `campaign_external_url` ENABLE KEYS */;
UNLOCK TABLES;

--
-- Table structure for table `campaign_form`
--

DROP TABLE IF EXISTS `campaign_form`;
/*!40101 SET @saved_cs_client     = @@character_set_client */;
/*!40101 SET character_set_client = utf8 */;
CREATE TABLE `campaign_form` (
  `id_campaign` int(10) unsigned NOT NULL,
  `id_form` int(10) unsigned NOT NULL,
  PRIMARY KEY (`id_campaign`,`id_form`),
  KEY `id_campaign` (`id_campaign`),
  KEY `id_form` (`id_form`),
  CONSTRAINT `campaign_form_ibfk_1` FOREIGN KEY (`id_campaign`) REFERENCES `campaign` (`id`),
  CONSTRAINT `campaign_form_ibfk_2` FOREIGN KEY (`id_form`) REFERENCES `form` (`id`)
) ENGINE=InnoDB DEFAULT CHARSET=utf8mb3;
/*!40101 SET character_set_client = @saved_cs_client */;

--
-- Dumping data for table `campaign_form`
--

LOCK TABLES `campaign_form` WRITE;
/*!40000 ALTER TABLE `campaign_form` DISABLE KEYS */;
/*!40000 ALTER TABLE `campaign_form` ENABLE KEYS */;
UNLOCK TABLES;

--
-- Table structure for table `campaign_form_entry`
--

DROP TABLE IF EXISTS `campaign_form_entry`;
/*!40101 SET @saved_cs_client     = @@character_set_client */;
/*!40101 SET character_set_client = utf8 */;
CREATE TABLE `campaign_form_entry` (
  `id_campaign` int(10) unsigned NOT NULL,
  `id_form` int(10) unsigned NOT NULL,
  PRIMARY KEY (`id_campaign`,`id_form`),
  KEY `id_campaign` (`id_campaign`),
  KEY `id_form` (`id_form`),
  CONSTRAINT `campaign_form_entry_ibfk_1` FOREIGN KEY (`id_campaign`) REFERENCES `campaign_entry` (`id`),
  CONSTRAINT `campaign_form_entry_ibfk_2` FOREIGN KEY (`id_form`) REFERENCES `form` (`id`)
) ENGINE=InnoDB DEFAULT CHARSET=latin1;
/*!40101 SET character_set_client = @saved_cs_client */;

--
-- Dumping data for table `campaign_form_entry`
--

LOCK TABLES `campaign_form_entry` WRITE;
/*!40000 ALTER TABLE `campaign_form_entry` DISABLE KEYS */;
/*!40000 ALTER TABLE `campaign_form_entry` ENABLE KEYS */;
UNLOCK TABLES;

--
-- Table structure for table `contact`
--

DROP TABLE IF EXISTS `contact`;
/*!40101 SET @saved_cs_client     = @@character_set_client */;
/*!40101 SET character_set_client = utf8 */;
CREATE TABLE `contact` (
  `id` int(10) unsigned NOT NULL AUTO_INCREMENT,
  `cedula_ruc` varchar(15) NOT NULL,
  `name` varchar(50) NOT NULL,
  `telefono` varchar(15) NOT NULL,
  `apellido` varchar(50) NOT NULL,
  `origen` varchar(4) DEFAULT 'crm',
  `created_at` timestamp NULL DEFAULT NULL,
  `updated_at` timestamp NULL DEFAULT NULL,
  `deleted_at` timestamp NULL DEFAULT NULL,
  PRIMARY KEY (`id`)
) ENGINE=InnoDB AUTO_INCREMENT=4 DEFAULT CHARSET=utf8mb3;
/*!40101 SET character_set_client = @saved_cs_client */;

--
-- Dumping data for table `contact`
--

LOCK TABLES `contact` WRITE;
/*!40000 ALTER TABLE `contact` DISABLE KEYS */;
INSERT INTO `contact` VALUES (1,'XX','XX','1001','XXXXX','file',NULL,'2022-05-21 07:47:56',NULL),(2,'1','test2','1002','XXXX','crm',NULL,'2022-05-19 12:44:04',NULL),(3,'XX','XX','1000','XX','crm','2022-05-18 10:03:49','2022-05-19 12:41:07',NULL);
/*!40000 ALTER TABLE `contact` ENABLE KEYS */;
UNLOCK TABLES;

--
-- Table structure for table `current_call_entry`
--

DROP TABLE IF EXISTS `current_call_entry`;
/*!40101 SET @saved_cs_client     = @@character_set_client */;
/*!40101 SET character_set_client = utf8 */;
CREATE TABLE `current_call_entry` (
  `id` int(10) unsigned NOT NULL AUTO_INCREMENT,
  `id_agent` int(10) unsigned NOT NULL,
  `id_queue_call_entry` int(10) unsigned NOT NULL,
  `id_call_entry` int(10) unsigned NOT NULL,
  `callerid` varchar(15) NOT NULL,
  `datetime_init` datetime NOT NULL,
  `uniqueid` varchar(32) DEFAULT NULL,
  `ChannelClient` varchar(32) DEFAULT NULL,
  `hold` enum('N','S') DEFAULT 'N',
  PRIMARY KEY (`id`),
  KEY `id_agent` (`id_agent`),
  KEY `id_queue_call_entry` (`id_queue_call_entry`),
  KEY `id_call_entry` (`id_call_entry`),
  CONSTRAINT `current_call_entry_ibfk_1` FOREIGN KEY (`id_agent`) REFERENCES `agent` (`id`),
  CONSTRAINT `current_call_entry_ibfk_2` FOREIGN KEY (`id_queue_call_entry`) REFERENCES `queue_call_entry` (`id`),
  CONSTRAINT `current_call_entry_ibfk_3` FOREIGN KEY (`id_call_entry`) REFERENCES `call_entry` (`id`)
) ENGINE=InnoDB AUTO_INCREMENT=39 DEFAULT CHARSET=utf8mb3;
/*!40101 SET character_set_client = @saved_cs_client */;

--
-- Dumping data for table `current_call_entry`
--

LOCK TABLES `current_call_entry` WRITE;
/*!40000 ALTER TABLE `current_call_entry` DISABLE KEYS */;
/*!40000 ALTER TABLE `current_call_entry` ENABLE KEYS */;
UNLOCK TABLES;

--
-- Table structure for table `current_calls`
--

DROP TABLE IF EXISTS `current_calls`;
/*!40101 SET @saved_cs_client     = @@character_set_client */;
/*!40101 SET character_set_client = utf8 */;
CREATE TABLE `current_calls` (
  `id` int(10) unsigned NOT NULL AUTO_INCREMENT,
  `id_call` int(10) unsigned NOT NULL,
  `fecha_inicio` datetime NOT NULL,
  `uniqueid` varchar(32) DEFAULT NULL,
  `queue` varchar(16) NOT NULL,
  `agentnum` varchar(16) NOT NULL,
  `event` varchar(32) NOT NULL,
  `Channel` varchar(32) NOT NULL DEFAULT '',
  `ChannelClient` varchar(32) DEFAULT NULL,
  `hold` enum('N','S') DEFAULT 'N',
  PRIMARY KEY (`id`),
  KEY `id_call` (`id_call`),
  CONSTRAINT `current_calls_ibfk_1` FOREIGN KEY (`id_call`) REFERENCES `calls` (`id`)
) ENGINE=InnoDB DEFAULT CHARSET=utf8mb3;
/*!40101 SET character_set_client = @saved_cs_client */;

--
-- Dumping data for table `current_calls`
--

LOCK TABLES `current_calls` WRITE;
/*!40000 ALTER TABLE `current_calls` DISABLE KEYS */;
/*!40000 ALTER TABLE `current_calls` ENABLE KEYS */;
UNLOCK TABLES;

--
-- Table structure for table `dont_call`
--

DROP TABLE IF EXISTS `dont_call`;
/*!40101 SET @saved_cs_client     = @@character_set_client */;
/*!40101 SET character_set_client = utf8 */;
CREATE TABLE `dont_call` (
  `id` int(11) NOT NULL AUTO_INCREMENT,
  `caller_id` varchar(15) NOT NULL,
  `date_income` datetime DEFAULT NULL,
  `status` varchar(1) DEFAULT NULL,
  PRIMARY KEY (`id`),
  KEY `callerid` (`caller_id`)
) ENGINE=InnoDB DEFAULT CHARSET=latin1;
/*!40101 SET character_set_client = @saved_cs_client */;

--
-- Dumping data for table `dont_call`
--

LOCK TABLES `dont_call` WRITE;
/*!40000 ALTER TABLE `dont_call` DISABLE KEYS */;
/*!40000 ALTER TABLE `dont_call` ENABLE KEYS */;
UNLOCK TABLES;

--
-- Table structure for table `eccp_authorized_clients`
--

DROP TABLE IF EXISTS `eccp_authorized_clients`;
/*!40101 SET @saved_cs_client     = @@character_set_client */;
/*!40101 SET character_set_client = utf8 */;
CREATE TABLE `eccp_authorized_clients` (
  `id` int(10) unsigned NOT NULL AUTO_INCREMENT,
  `username` varchar(64) NOT NULL,
  `md5_password` varchar(32) NOT NULL,
  PRIMARY KEY (`id`)
) ENGINE=InnoDB AUTO_INCREMENT=2 DEFAULT CHARSET=utf8mb3;
/*!40101 SET character_set_client = @saved_cs_client */;

--
-- Dumping data for table `eccp_authorized_clients`
--

LOCK TABLES `eccp_authorized_clients` WRITE;
/*!40000 ALTER TABLE `eccp_authorized_clients` DISABLE KEYS */;
INSERT INTO `eccp_authorized_clients` VALUES (1,'agentconsole','7e53aa92f7566f44f39f3f1842832581');
/*!40000 ALTER TABLE `eccp_authorized_clients` ENABLE KEYS */;
UNLOCK TABLES;

--
-- Table structure for table `entries`
--

DROP TABLE IF EXISTS `entries`;
/*!40101 SET @saved_cs_client     = @@character_set_client */;
/*!40101 SET character_set_client = utf8 */;
CREATE TABLE `entries` (
  `id` int(10) unsigned NOT NULL AUTO_INCREMENT,
  `survey_id` int(10) unsigned NOT NULL,
  `participant_id` int(10) unsigned DEFAULT NULL,
  `uniqueid` varchar(255) COLLATE utf8mb4_unicode_ci NOT NULL,
  `created_at` timestamp NULL DEFAULT NULL,
  `updated_at` timestamp NULL DEFAULT NULL,
  PRIMARY KEY (`id`)
) ENGINE=InnoDB AUTO_INCREMENT=2 DEFAULT CHARSET=utf8mb4 COLLATE=utf8mb4_unicode_ci;
/*!40101 SET character_set_client = @saved_cs_client */;

--
-- Dumping data for table `entries`
--

LOCK TABLES `entries` WRITE;
/*!40000 ALTER TABLE `entries` DISABLE KEYS */;
INSERT INTO `entries` VALUES (1,1,NULL,'1653133454.364','2022-05-23 07:52:16','2022-05-23 07:52:16');
/*!40000 ALTER TABLE `entries` ENABLE KEYS */;
UNLOCK TABLES;

--
-- Table structure for table `flight_status`
--

DROP TABLE IF EXISTS `flight_status`;
/*!40101 SET @saved_cs_client     = @@character_set_client */;
/*!40101 SET character_set_client = utf8 */;
CREATE TABLE `flight_status` (
  `afturno` bigint(20) unsigned NOT NULL,
  `devicename` varchar(128) NOT NULL,
  `airlinecode` varchar(128) NOT NULL,
  `origin_short_name1` varchar(128) DEFAULT NULL,
  `origin_short_name` varchar(128) NOT NULL,
  `flightno` varchar(128) NOT NULL,
  `scheduled_time` time DEFAULT NULL,
  `scheduled_date` date DEFAULT NULL,
  `estimated_time_of_flight` time DEFAULT NULL,
  `flightstatus` varchar(128) DEFAULT NULL,
  `flighttype_int_dom` varchar(128) DEFAULT NULL,
  `flstatusdesc` varchar(250) DEFAULT NULL,
  `arrival_gates` varchar(128) DEFAULT NULL,
  `departure_gates` varchar(128) DEFAULT NULL,
  `belt_number` varchar(128) DEFAULT NULL,
  `bltno` varchar(128) DEFAULT NULL,
  `belt2` varchar(128) DEFAULT NULL,
  `check_in_from` varchar(128) NOT NULL,
  `check_in_to` varchar(128) NOT NULL,
  `checkin_remark` varchar(256) NOT NULL,
  `checkin_type` varchar(256) NOT NULL,
  `checkin_sum_remark_status` varchar(256) NOT NULL,
  `checkin_sum_remark_description` varchar(256) NOT NULL,
  `checkin_sum_remark_local` varchar(256) NOT NULL,
  `checkin_sum_remark_3` varchar(256) NOT NULL,
  `updated_at` timestamp NOT NULL DEFAULT current_timestamp() ON UPDATE current_timestamp(),
  PRIMARY KEY (`afturno`)
) ENGINE=InnoDB DEFAULT CHARSET=utf8mb3;
/*!40101 SET character_set_client = @saved_cs_client */;

--
-- Dumping data for table `flight_status`
--

LOCK TABLES `flight_status` WRITE;
/*!40000 ALTER TABLE `flight_status` DISABLE KEYS */;
INSERT INTO `flight_status` VALUES (1435710609,'Arrival','Air India','null','Mumbai','AI 639','11:10:00','2022-06-06','11:11:00','ARR','D','Arrived','A3','','06','06','null','null','null','null','null','null','null','null','null','2022-06-06 11:05:12'),(1435710610,'Departure','Air India','null','Male','AI 265','12:05:00','2022-06-06','12:05:00','AIB','I','Departed','','36','','null','null','B64','B68','null','null','null','null','null','null','2022-06-06 11:05:12'),(1435710920,'Arrival','Air India','null','Male','AI 266','19:15:00','2022-06-06','19:15:00','RES','I','Rescheduled','40','','09A','09A','null','null','null','null','null','null','null','null','null','2022-06-06 11:05:12'),(1435711309,'Arrival','Air India','null','Delhi','AI 506','12:30:00','2022-06-06','12:35:00','ARR','D','Arrived','A7','','05','05','null','null','null','null','null','null','null','null','null','2022-06-06 11:05:12'),(1435711310,'Departure','Air India','null','Delhi','AI 501','13:20:00','2022-06-06','13:20:00','AIB','D','Departed','','29','','null','null','B64','B68','null','null','null','null','null','null','2022-06-06 11:05:12'),(1435711733,'Arrival','Air India','null','Delhi','AI 502','16:15:00','2022-06-06','16:15:00','ARR','D','Arrived','A1','','06','06','null','null','null','null','null','null','null','null','null','2022-06-06 11:05:12'),(1435711734,'Departure','Air India','null','Delhi','AI 503','17:00:00','2022-06-06','17:00:00','LCL','D','Final Call','','1','','null','null','B64','B68','null','null','null','null','null','null','2022-06-06 11:05:12'),(1435712177,'Departure','Air India','null','Delhi','AI 804','06:10:00','2022-06-06','06:10:00','AIB','D','Departed','','14','','null','null','B64','B68','null','null','null','null','null','null','2022-06-06 11:05:12'),(1435712178,'Arrival','Air India','null','Delhi','AI 504','00:05:00','2022-06-07','23:50:00','OTD','D','On Time','A3','','05','05','null','null','null','null','null','null','null','null','null','2022-06-06 11:05:12'),(1435712610,'Arrival','Air India','null','Delhi','AI 803','08:55:00','2022-06-06','09:31:00','ARR','D','Arrived','A7','','06','06','null','null','null','null','null','null','null','null','null','2022-06-06 11:05:12'),(1435712611,'Departure','Air India','null','Delhi','AI 505','10:00:00','2022-06-06','10:00:00','AIB','D','Departed','','28','','null','null','B64','B68','null','null','null','null','null','null','2022-06-06 11:05:12'),(1435716551,'Departure','Air India','null','Mumbai','AI 640','06:45:00','2022-06-06','06:45:00','AIB','D','Departed','','27','','null','null','B64','B68','null','null','null','null','null','null','2022-06-06 11:05:12'),(1435716990,'Arrival','Air India','null','Mumbai','AI 603','07:50:00','2022-06-06','08:08:00','ARR','D','Arrived','A7','','06','06','null','null','null','null','null','null','null','null','null','2022-06-06 11:05:12'),(1435716991,'Departure','Air India','null','Mumbai','AI 604','08:25:00','2022-06-06','08:25:00','AIB','D','Departed','','30','','null','null','B64','B68','null','null','null','null','null','null','2022-06-06 11:05:12'),(1435717424,'Arrival','Air India','null','Mumbai','AI 607','18:20:00','2022-06-06','18:20:00','OTD','D','On Time','A2','','07','07','null','null','null','null','null','null','null','null','null','2022-06-06 11:05:12'),(1435717425,'Departure','Air India','null','Mumbai','AI 610','19:10:00','2022-06-06','19:10:00','OTD','D','On Time','','12','','null','null','B64','B68','null','null','null','null','null','null','2022-06-06 11:05:12'),(1435719629,'Arrival','Air India','null','Delhi','AI 807','20:15:00','2022-06-06','20:05:00','OTD','D','On Time','A7','','05','05','null','null','null','null','null','null','null','null','null','2022-06-06 11:05:12'),(1435719630,'Departure','Air India','null','Delhi','AI 808','21:20:00','2022-06-06','21:20:00','OTD','D','On Time','','30','','null','null','B64','B68','null','null','null','null','null','null','2022-06-06 11:05:12'),(1435721151,'Departure','Go Air','null','Male','G8 043','11:15:00','2022-06-06','11:15:00','AIB','I','Departed','','40','','null','null','B51','B57','null','null','null','null','null','null','2022-06-06 11:05:12'),(1435721584,'Departure','Go Air','null','Phuket','G8 041','02:05:00','2022-06-06','02:05:00','AIB','I','Departed','','31','','null','null','B51','B57','null','null','null','null','null','null','2022-06-06 08:30:12'),(1435721585,'Arrival','Go Air','null','Male','G8 044','17:35:00','2022-06-06','17:10:00','OTD','I','On Time','35','','10A','10A','null','null','null','null','null','null','null','null','null','2022-06-06 11:05:12'),(1435721586,'Departure','Go Air','null','Phuket','G8 041','02:05:00','2022-06-07','02:05:00','OTD','I','On Time','','35','','null','null','B51','B57','null','null','null','null','null','null','2022-06-06 11:05:12'),(1435721997,'Arrival','Go Air','null','Phuket','G8 042','10:50:00','2022-06-06','11:30:00','ARR','I','Arrived','35','','10A','10A','null','null','null','null','null','null','null','null','null','2022-06-06 11:05:12'),(1435722390,'Arrival','Go Air','null','Delhi','G8 113','08:30:00','2022-06-06','13:31:00','ARR','D','Arrived','A3','','05','05','null','null','null','null','null','null','null','null','null','2022-06-06 11:05:12'),(1435722391,'Departure','Go Air','null','Kolkata','G8 790','07:15:00','2022-06-06','07:15:00','AIB','D','Departed','','14','','null','null','B51','B57','null','null','null','null','null','null','2022-06-06 11:05:12'),(1435722830,'Departure','Go Air','null','Delhi','G8 116','05:45:00','2022-06-06','05:45:00','AIB','D','Departed','','26','','null','null','B51','B57','null','null','null','null','null','null','2022-06-06 11:05:12'),(1435723266,'Arrival','Go Air','null','Pune','G8 242','21:40:00','2022-06-06','21:30:00','OTD','D','On Time','A3','','02','02','null','null','null','null','null','null','null','null','null','2022-06-06 11:05:12'),(1435723267,'Departure','Go Air','null','Delhi','G8 118','21:30:00','2022-06-06','21:30:00','OTD','D','On Time','','2','','null','null','B51','B57','null','null','null','null','null','null','2022-06-06 11:05:12'),(1435723709,'Arrival','Go Air','null','Delhi','G8 119','23:20:00','2022-06-06','23:10:00','OTD','D','On Time','A1','','01','01','null','null','null','null','null','null','null','null','null','2022-06-06 11:05:12'),(1435724144,'Arrival','Go Air','null','Kolkata','G8 789','08:35:00','2022-06-06','08:30:00','ARR','D','Arrived','A1','','06','06','null','null','null','null','null','null','null','null','null','2022-06-06 11:05:12'),(1435724145,'Departure','Go Air','null','Pune','G8 241','18:10:00','2022-06-06','18:10:00','SEC','D','Security','','27','','null','null','B51','B57','null','null','null','null','null','null','2022-06-06 11:05:12'),(1435724578,'Arrival','Go Air','null','Patna','G8 273','11:40:00','2022-06-06','11:41:00','ARR','D','Arrived','A3','','03','03','null','null','null','null','null','null','null','null','null','2022-06-06 11:05:12'),(1435725012,'Arrival','Go Air','null','Mumbai','G8 383','17:25:00','2022-06-06','17:35:00','OTD','D','On Time','A5','','06','06','null','null','null','null','null','null','null','null','null','2022-06-06 11:05:12'),(1435725013,'Departure','Go Air','null','Patna','G8 274','15:15:00','2022-06-06','15:15:00','AIB','D','Departed','','23','','null','null','B51','B57','null','null','null','null','null','null','2022-06-06 11:05:12'),(1435725443,'Departure','Go Air','null','Pune','G8 283','05:25:00','2022-06-06','05:25:00','AIB','D','Departed','','17','','null','null','B51','B57','null','null','null','null','null','null','2022-06-06 11:05:12'),(1435725444,'Arrival','Go Air','null','Mumbai','G8 398','21:45:00','2022-06-06','21:35:00','OTD','D','On Time','A7','','07','07','null','null','null','null','null','null','null','null','null','2022-06-06 11:05:12'),(1435725880,'Arrival','Go Air','null','Pune','G8 284','00:20:00','2022-06-07','00:10:00','OTD','D','On Time','A5','','04','04','null','null','null','null','null','null','null','null','null','2022-06-06 11:05:12'),(1435726313,'Arrival','Go Air','null','Goa','G8 286','15:05:00','2022-06-06','15:30:00','ARR','D','Arrived','A1','','04','04','null','null','null','null','null','null','null','null','null','2022-06-06 11:05:12'),(1435726314,'Departure','Go Air','null','Goa','G8 285','15:45:00','2022-06-06','15:45:00','AIB','D','Departed','','17','','null','null','B51','B57','null','null','null','null','null','null','2022-06-06 11:05:12'),(1435727184,'Arrival','Go Air','null','Mumbai','G8 317','07:40:00','2022-06-06','07:52:00','ARR','D','Arrived','A2','','02','02','null','null','null','null','null','null','null','null','null','2022-06-06 11:05:12'),(1435727185,'Departure','Go Air','null','Mumbai','G8 395','08:15:00','2022-06-06','08:15:00','AIB','D','Departed','','12','','null','null','B51','B57','null','null','null','null','null','null','2022-06-06 11:05:12'),(1435727619,'Departure','Go Air','null','Mumbai','G8 320','17:45:00','2022-06-06','18:10:00','DLY','D','Delayed','','20','','null','null','B51','B57','null','null','null','null','null','null','2022-06-06 11:05:12'),(1435728055,'Departure','Go Air','null','Ranchi','G8 374','11:50:00','2022-06-06','11:50:00','AIB','D','Departed','','27','','null','null','B51','B57','null','null','null','null','null','null','2022-06-06 11:05:12'),(1435728486,'Arrival','Go Air','null','Ranchi','G8 375','17:05:00','2022-06-06','17:20:00','DLY','D','Delayed','A3','','05','05','null','null','null','null','null','null','null','null','null','2022-06-06 11:05:12'),(1435728487,'Departure','Go Air','null','Lucknow','G8 808','12:20:00','2022-06-06','12:20:00','AIB','D','Departed','','20','','null','null','B51','B57','null','null','null','null','null','null','2022-06-06 11:05:12'),(1435728922,'Departure','Go Air','null','Mumbai','G8 399','21:30:00','2022-06-06','21:30:00','OTD','D','On Time','','22','','null','null','B51','B57','null','null','null','null','null','null','2022-06-06 11:05:12'),(1435729359,'Departure','Go Air','null','Varanasi','G8 407','15:40:00','2022-06-06','15:40:00','AIB','D','Departed','','1','','null','null','B51','B57','null','null','null','null','null','null','2022-06-06 11:05:12'),(1435730284,'Arrival','Go Air','null','Lucknow','G8 806','17:30:00','2022-06-06','18:00:00','DLY','D','Delayed','A3','','07','07','null','null','null','null','null','null','null','null','null','2022-06-06 11:05:12'),(1435730718,'Arrival','Go Air','null','Jaipur','G8 3122','15:00:00','2022-06-06','14:58:00','ARR','D','Arrived','A5','','05','05','null','null','null','null','null','null','null','null','null','2022-06-06 11:05:12'),(1435731150,'Departure','Go Air','null','Ahmedabad','G8 801','05:20:00','2022-06-06','05:20:00','AIB','D','Departed','','27','','null','null','B51','B57','null','null','null','null','null','null','2022-06-06 11:05:12'),(1435731153,'Arrival','Go Air','null','Ahmedabad','G8 804','22:20:00','2022-06-06','22:10:00','OTD','D','On Time','A7','','02','02','null','null','null','null','null','null','null','null','null','2022-06-06 11:05:12'),(1435731583,'Arrival','Go Air','null','Ahmedabad','G8 802','10:20:00','2022-06-06','10:30:00','ARR','D','Arrived','A5','','03','03','null','null','null','null','null','null','null','null','null','2022-06-06 11:05:12'),(1435731584,'Departure','Go Air','null','Port Blair','G8 802','10:50:00','2022-06-06','10:40:00','AIB','D','Departed','','19','','null','null','B51','B57','null','null','null','null','null','null','2022-06-06 11:05:12'),(1435732159,'Arrival','Go Air','null','Port Blair','G8 803','16:20:00','2022-06-06','16:47:00','DLY','D','Delayed','A3','','07','07','null','null','null','null','null','null','null','null','null','2022-06-06 11:05:12'),(1435732162,'Departure','Go Air','null','Ahmedabad','G8 803','17:15:00','2022-06-06','17:15:00','SEC','D','Security','','19','','null','null','B51','B57','null','null','null','null','null','null','2022-06-06 11:05:12'),(1435733269,'Departure','Go Air','null','Patna','G8 873','05:45:00','2022-06-06','05:45:00','AIB','D','Departed','','25','','null','null','B51','B57','null','null','null','null','null','null','2022-06-06 11:05:12'),(1435733702,'Arrival','Go Air','null','Patna','G8 874','20:55:00','2022-06-06','20:45:00','OTD','D','On Time','A7','','06','06','null','null','null','null','null','null','null','null','null','2022-06-06 11:05:12'),(1435734368,'Arrival','Air Asia India','null','Mumbai','I5 338','20:05:00','2022-06-06','19:55:00','OTD','D','On Time','A3','','04','04','null','null','null','null','null','null','null','null','null','2022-06-06 11:05:12'),(1435734369,'Departure','Air Asia India','null','Mumbai','I5 334','23:00:00','2022-06-06','23:00:00','OTD','D','On Time','','14','','null','null','A34','A40','null','null','null','null','null','null','2022-06-06 11:05:12'),(1435735237,'Arrival','Air Asia India','null','Kolkata','I5 588','17:20:00','2022-06-06','17:30:00','OTD','D','On Time','A7','','05','05','null','null','null','null','null','null','null','null','null','2022-06-06 11:05:12'),(1435735238,'Departure','Air Asia India','null','Kolkata','I5 592','18:05:00','2022-06-06','18:05:00','SEC','D','Security','','28','','null','null','A34','A40','null','null','null','null','null','null','2022-06-06 11:05:12'),(1435735672,'Departure','Air Asia India','null','Bagdogra','I5 611','08:25:00','2022-06-06','08:25:00','AIB','D','Departed','','26','','null','null','A34','A40','null','null','null','null','null','null','2022-06-06 11:05:12'),(1435736105,'Arrival','Air Asia India','null','Kolkata','I5 612','18:10:00','2022-06-06','18:00:00','OTD','D','On Time','A3','','04','04','null','null','null','null','null','null','null','null','null','2022-06-06 11:05:12'),(1435736540,'Departure','Air Asia India','null','Bhubaneswar','I5 1567','06:50:00','2022-06-06','06:50:00','AIB','D','Departed','','26','','null','null','A34','A40','null','null','null','null','null','null','2022-06-06 11:05:12'),(1435736541,'Arrival','Air Asia India','null','Guwahati','I5 673','00:50:00','2022-06-07','00:40:00','OTD','D','On Time','A7','','03','03','null','null','null','null','null','null','null','null','null','2022-06-06 11:05:12'),(1435737407,'Arrival','Air Asia India','null','Delhi','I5 740','10:40:00','2022-06-06','10:55:00','ARR','D','Arrived','A3','','04','04','null','null','null','null','null','null','null','null','null','2022-06-06 11:05:12'),(1435737408,'Departure','Air Asia India','null','Srinagar','I5 741','11:40:00','2022-06-06','11:40:00','AIB','D','Departed','','22','','null','null','A34','A40','null','null','null','null','null','null','2022-06-06 11:05:12'),(1435737850,'Arrival','Air Asia India','null','Srinagar','I5 747','22:00:00','2022-06-06','21:50:00','OTD','D','On Time','A1','','05','05','null','null','null','null','null','null','null','null','null','2022-06-06 11:05:12'),(1435737851,'Departure','Air Asia India','null','Delhi','I5 749','22:40:00','2022-06-06','22:40:00','OTD','D','On Time','','1','','null','null','A34','A40','null','null','null','null','null','null','2022-06-06 11:05:12'),(1435738851,'Arrival','Air Asia India','null','Guwahati','I5 821','23:30:00','2022-06-06','23:20:00','OTD','D','On Time','A5','','04','04','null','null','null','null','null','null','null','null','null','2022-06-06 11:05:12'),(1435738852,'Departure','Air Asia India','null','Goa','I5 818','05:30:00','2022-06-06','05:30:00','AIB','D','Departed','','24','','null','null','A34','A40','null','null','null','null','null','null','2022-06-06 11:05:12'),(1435739099,'Arrival','Air Asia India','null','Goa','I5 819','08:15:00','2022-06-06','08:26:00','ARR','D','Arrived','A5','','03','03','null','null','null','null','null','null','null','null','null','2022-06-06 11:05:12'),(1435739100,'Departure','Air Asia India','null','Ranchi','I5 819','09:00:00','2022-06-06','09:00:00','AIB','D','Departed','','17','','null','null','A34','A40','null','null','null','null','null','null','2022-06-06 11:05:12'),(1435739408,'Arrival','Air Asia India','null','Ranchi','I5 820','14:15:00','2022-06-06','14:19:00','ARR','D','Arrived','A7','','05','05','null','null','null','null','null','null','null','null','null','2022-06-06 11:05:12'),(1435739409,'Departure','Air Asia India','null','Guwahati','I5 820','15:15:00','2022-06-06','15:15:00','AIB','D','Departed','','29','','null','null','A34','A40','null','null','null','null','null','null','2022-06-06 11:05:12'),(1435740372,'Departure','Air Asia India','null','Visakhapatnam','I5 942','15:15:00','2022-06-06','15:15:00','AIB','D','Departed','','26','','null','null','A34','A40','null','null','null','null','null','null','2022-06-06 11:05:12'),(1435740806,'Arrival','Air Asia India','null','Kochi','I5 972','13:50:00','2022-06-06','13:43:00','ARR','D','Arrived','A7','','04','04','null','null','null','null','null','null','null','null','null','2022-06-06 11:05:12'),(1435740807,'Departure','Air Asia India','null','Goa','I5 972','14:25:00','2022-06-06','14:25:00','AIB','D','Departed','','30','','null','null','A34','A40','null','null','null','null','null','null','2022-06-06 11:05:12'),(1435741242,'Arrival','Air Asia India','null','Goa','I5 974','21:40:00','2022-06-06','21:30:00','OTD','D','On Time','A3','','04','04','null','null','null','null','null','null','null','null','null','2022-06-06 11:05:12'),(1435742112,'Arrival','Air Asia India','null','Imphal','I5 991','19:05:00','2022-06-06','18:55:00','OTD','D','On Time','A3','','05','05','null','null','null','null','null','null','null','null','null','2022-06-06 11:05:12'),(1435742113,'Departure','Air Asia India','null','Kochi','I5 991','20:15:00','2022-06-06','20:15:00','OTD','D','On Time','','23','','null','null','A34','A40','null','null','null','null','null','null','2022-06-06 11:05:12'),(1435742547,'Arrival','Air Asia India','null','Kochi','I5 992','22:55:00','2022-06-06','22:45:00','OTD','D','On Time','A2','','04','04','null','null','null','null','null','null','null','null','null','2022-06-06 11:05:12'),(1435742548,'Departure','Air Asia India','null','Kolkata','I5 992','23:30:00','2022-06-06','23:30:00','OTD','D','On Time','','12','','null','null','A34','A40','null','null','null','null','null','null','2022-06-06 11:05:12'),(1435742982,'Departure','Air Asia India','null','Kolkata','I5 2472','06:30:00','2022-06-06','06:30:00','AIB','D','Departed','','24','','null','null','A34','A40','null','null','null','null','null','null','2022-06-06 11:05:12'),(1435743415,'Arrival','Air Asia India','null','Delhi','I5 1529','12:25:00','2022-06-06','12:27:00','ARR','D','Arrived','A5','','07','07','null','null','null','null','null','null','null','null','null','2022-06-06 11:05:12'),(1435743848,'Departure','Air Asia India','null','Delhi','I5 1528','06:10:00','2022-06-06','06:10:00','AIB','D','Departed','','19','','null','null','A34','A40','null','null','null','null','null','null','2022-06-06 11:05:12'),(1435744282,'Arrival','Air Asia India','null','Kolkata','I5 1426','12:10:00','2022-06-06','12:18:00','ARR','D','Arrived','A5','','07','07','null','null','null','null','null','null','null','null','null','2022-06-06 11:05:12'),(1435744283,'Departure','Air Asia India','null','Jaipur','I5 1426','12:50:00','2022-06-06','12:50:00','AIB','D','Departed','','25','','null','null','A34','A40','null','null','null','null','null','null','2022-06-06 11:05:12'),(1435744716,'Arrival','Air Asia India','null','Jaipur','I5 1427','20:45:00','2022-06-06','20:35:00','OTD','D','On Time','A3','','04','04','null','null','null','null','null','null','null','null','null','2022-06-06 11:05:12'),(1435745151,'Departure','Air Asia India','null','Kochi','I5 1451','05:40:00','2022-06-06','05:40:00','AIB','D','Departed','','23','','null','null','A34','A40','null','null','null','null','null','null','2022-06-06 11:05:12'),(1435745584,'Arrival','Air Asia India','null','Kochi','I5 1452','08:30:00','2022-06-06','08:17:00','ARR','D','Arrived','A1','','02','02','null','null','null','null','null','null','null','null','null','2022-06-06 11:05:12'),(1435745585,'Departure','Air Asia India','null','Visakhapatnam','I5 1452','09:05:00','2022-06-06','09:05:00','AIB','D','Departed','','1','','null','null','A34','A40','null','null','null','null','null','null','2022-06-06 11:05:12'),(1435746018,'Arrival','Air Asia India','null','Visakhapatnam','I5 1453','13:00:00','2022-06-06','13:59:00','ARR','D','Arrived','A7','','03','03','null','null','null','null','null','null','null','null','null','2022-06-06 11:05:12'),(1435746019,'Departure','Air Asia India','null','Goa','I5 1453','13:40:00','2022-06-06','13:40:00','AIB','D','Departed','','22','','null','null','A34','A40','null','null','null','null','null','null','2022-06-06 11:05:12'),(1435746454,'Arrival','Air Asia India','null','Goa','I5 1455','16:25:00','2022-06-06','16:45:00','LAN','D','Landed','A7','','06','06','null','null','null','null','null','null','null','null','null','2022-06-06 11:05:12'),(1435746889,'Arrival','Air Asia India','null','Goa','I5 1518','23:10:00','2022-06-06','23:00:00','OTD','D','On Time','A7','','07','07','null','null','null','null','null','null','null','null','null','2022-06-06 11:05:12'),(1435748200,'Arrival','Air Asia India','null','Jaipur','I5 1543','15:35:00','2022-06-06','15:42:00','ARR','D','Arrived','A7','','02','02','null','null','null','null','null','null','null','null','null','2022-06-06 11:05:12'),(1435748201,'Departure','Air Asia India','null','Guwahati','I5 2461','16:15:00','2022-06-06','16:15:00','DEP','D','Departed','','29','','null','null','A34','A40','null','null','null','null','null','null','2022-06-06 11:05:12'),(1435748635,'Arrival','Air Asia India','null','Bhubaneswar','I5 1565','11:20:00','2022-06-06','11:21:00','ARR','D','Arrived','A7','','04','04','null','null','null','null','null','null','null','null','null','2022-06-06 11:05:12'),(1435749072,'Arrival','Air Asia India','null','Ranchi','I5 1568','17:30:00','2022-06-06','17:20:00','OTD','D','On Time','A5','','04','04','null','null','null','null','null','null','null','null','null','2022-06-06 11:05:12'),(1435749073,'Departure','Air Asia India','null','Delhi','I5 1731','18:15:00','2022-06-06','18:15:00','SEC','D','Security','','25','','null','null','A34','A40','null','null','null','null','null','null','2022-06-06 11:05:12'),(1435749505,'Departure','Air Asia India','null','Jaipur','I5 1576','07:35:00','2022-06-06','07:35:00','AIB','D','Departed','','25','','null','null','A34','A40','null','null','null','null','null','null','2022-06-06 11:05:12'),(1435749943,'Departure','Air Asia India','null','Kochi','I5 1622','10:55:00','2022-06-06','10:55:00','AIB','D','Departed','','25','','null','null','A34','A40','null','null','null','null','null','null','2022-06-06 11:05:12'),(1435750377,'Departure','Air Asia India','null','Bagdogra','I5 1780','05:10:00','2022-06-06','05:10:00','AIB','D','Departed','','25','','null','null','A34','A40','null','null','null','null','null','null','2022-06-06 11:05:12'),(1435750378,'Arrival','Air Asia India','null','Delhi','I5 1732','00:30:00','2022-06-07','00:10:00','OTD','D','On Time','A7','','02','02','null','null','null','null','null','null','null','null','null','2022-06-06 11:05:12'),(1435750816,'Arrival','Air Asia India','null','Bagdogra','I5 1781','11:45:00','2022-06-06','11:36:00','ARR','D','Arrived','A2','','04','04','null','null','null','null','null','null','null','null','null','2022-06-06 11:05:12'),(1435750817,'Departure','Air Asia India','null','Ranchi','I5 1781','12:15:00','2022-06-06','12:15:00','AIB','D','Departed','','12','','null','null','A34','A40','null','null','null','null','null','null','2022-06-06 11:05:12'),(1435751250,'Arrival','Air Asia India','null','Visakhapatnam','I5 1782','18:45:00','2022-06-06','18:35:00','OTD','D','On Time','A5','','04','04','null','null','null','null','null','null','null','null','null','2022-06-06 11:05:12'),(1435751685,'Departure','Air Asia India','null','Kochi','I5 1981','05:10:00','2022-06-06','05:10:00','AIB','D','Departed','','28','','null','null','A34','A40','null','null','null','null','null','null','2022-06-06 11:05:12'),(1435752118,'Arrival','Air Asia India','null','Kochi','I5 1982','08:10:00','2022-06-06','07:56:00','ARR','D','Arrived','A7','','01','01','null','null','null','null','null','null','null','null','null','2022-06-06 11:05:12'),(1435752119,'Departure','Air Asia India','null','Guwahati','I5 1982','08:45:00','2022-06-06','08:45:00','AIB','D','Departed','','29','','null','null','A34','A40','null','null','null','null','null','null','2022-06-06 11:05:12'),(1435752552,'Arrival','Air Asia India','null','Guwahati','I5 1983','15:25:00','2022-06-06','15:45:00','ARR','D','Arrived','A2','','03','03','null','null','null','null','null','null','null','null','null','2022-06-06 11:05:12'),(1435752553,'Departure','Air Asia India','null','Goa','I5 1983','16:15:00','2022-06-06','16:15:00','AIB','D','Departed','','12','','null','null','A34','A40','null','null','null','null','null','null','2022-06-06 11:05:12'),(1435752987,'Departure','Alliance Air','null','Vijayawada','9I 501','07:50:00','2022-06-06','07:50:00','AIB','D','Departed','','27','','null','null','B69','B70','null','null','null','null','null','null','2022-06-06 11:05:12'),(1435752988,'Arrival','Alliance Air','null','Hyderabad','9I 518','22:15:00','2022-06-06','00:05:00','DLY','D','Delayed','A5','','04','04','null','null','null','null','null','null','null','null','null','2022-06-06 11:05:12'),(1435753422,'Arrival','Alliance Air','null','Vijayawada','9I 502','11:40:00','2022-06-06','11:26:00','ARR','D','Arrived','A7','','01','01','null','null','null','null','null','null','null','null','null','2022-06-06 11:05:12'),(1435753423,'Departure','Alliance Air','null','Kalaburagi','9I 509','12:25:00','2022-06-06','12:25:00','AIB','D','Departed','','19','','null','null','B69','B70','null','null','null','null','null','null','2022-06-06 11:05:12'),(1435753857,'Departure','Alliance Air','null','Kochi','9I 505','09:00:00','2022-06-06','09:00:00','AIB','D','Departed','','21','','null','null','B69','B70','null','null','null','null','null','null','2022-06-06 11:05:12'),(1435754295,'Arrival','Alliance Air','null','Kochi','9I 506','17:55:00','2022-06-06','17:40:00','OTD','D','On Time','A5','','03','03','null','null','null','null','null','null','null','null','null','2022-06-06 11:05:12'),(1435754731,'Arrival','Alliance Air','null','Kalaburagi','9I 510','15:55:00','2022-06-06','16:21:00','ARR','D','Arrived','A5','','03','03','null','null','null','null','null','null','null','null','null','2022-06-06 11:05:12'),(1435754732,'Departure','Alliance Air','null','Hyderabad','9I 517','18:40:00','2022-06-06','22:30:00','DLY','D','Delayed','','26','','null','null','B69','B70','null','null','null','null','null','null','2022-06-06 11:05:12'),(1435755107,'Departure','Starair','null','Hubballi','S5 101','10:05:00','2022-06-06','10:05:00','CNL','D','Cancelled','','','','null','null','null','null','null','null','null','null','null','null','2022-06-06 11:05:12'),(1435755334,'Arrival','Starair','null','Hubballi','S5 102','18:40:00','2022-06-06','20:25:00','DLY','D','Delayed','A5','','02','02','null','null','null','null','null','null','null','null','null','2022-06-06 11:05:12'),(1435755602,'Departure','Starair','null','Kalaburagi','S5 117','08:40:00','2022-06-06','08:40:00','AIB','D','Departed','','25','','null','null','null','null','null','null','null','null','null','null','2022-06-06 11:05:12'),(1435755603,'Arrival','Starair','null','Kalaburagi','S5 118','17:45:00','2022-06-06','18:00:00','DLY','D','Delayed','A3','','07','07','null','null','null','null','null','null','null','null','null','2022-06-06 11:05:12'),(1435756226,'Departure','Spicejet','null','Delhi','SG 136','05:55:00','2022-06-06','06:20:00','AIB','D','Departed','','23','','null','null','101','104','null','null','null','null','null','null','2022-06-06 11:05:12'),(1435756660,'Arrival','Spicejet','null','Delhi','SG 191','08:55:00','2022-06-06','09:28:00','ARR','D','Arrived','A2','','04','04','null','null','null','null','null','null','null','null','null','2022-06-06 11:05:12'),(1435756661,'Departure','Spicejet','null','Darbhanga','SG 693','09:35:00','2022-06-06','09:50:00','AIB','D','Departed','','12','','null','null','101','104','null','null','null','null','null','null','2022-06-06 11:05:12'),(1435758402,'Departure','Spicejet','null','Darbhanga','SG 493','12:50:00','2022-06-06','12:50:00','AIB','D','Departed','','21','','null','null','101','104','null','null','null','null','null','null','2022-06-06 11:05:12'),(1435758835,'Arrival','Spicejet','null','Darbhanga','SG 494','12:20:00','2022-06-06','12:24:00','ARR','D','Arrived','A5','','06','06','null','null','null','null','null','null','null','null','null','2022-06-06 11:05:12'),(1435759270,'Arrival','Spicejet','null','Bagdogra','SG 328','12:55:00','2022-06-06','12:58:00','ARR','D','Arrived','A3','','06','06','null','null','null','null','null','null','null','null','null','2022-06-06 11:05:12'),(1435759271,'Departure','Spicejet','null','Jharsuguda','SG 320','16:05:00','2022-06-06','16:05:00','DEP','D','Departed','','21','','null','null','101','104','null','null','null','null','null','null','2022-06-06 11:05:12'),(1435759704,'Arrival','Spicejet','null','Jharsuguda','SG 321','21:00:00','2022-06-06','20:50:00','OTD','D','On Time','A2','','03','03','null','null','null','null','null','null','null','null','null','2022-06-06 11:05:12'),(1435760140,'Departure','Spicejet','null','Bagdogra','SG 327','06:05:00','2022-06-06','05:50:00','AIB','D','Departed','','20','','null','null','101','104','null','null','null','null','null','null','2022-06-06 11:05:12'),(1435761880,'Arrival','Spicejet','null','Patna','SG 767','19:30:00','2022-06-06','19:20:00','OTD','D','On Time','A5','','03','03','null','null','null','null','null','null','null','null','null','2022-06-06 11:05:12'),(1435763618,'Arrival','Spicejet','null','Kolkata','SG 516','08:25:00','2022-06-06','08:45:00','ARR','D','Arrived','A3','','01','01','null','null','null','null','null','null','null','null','null','2022-06-06 11:05:12'),(1435763619,'Departure','Spicejet','null','Pune','SG 516','09:15:00','2022-06-06','09:15:00','AIB','D','Departed','','23','','null','null','101','104','null','null','null','null','null','null','2022-06-06 11:05:12'),(1435764056,'Arrival','Spicejet','null','Pune','SG 538','16:50:00','2022-06-06','16:50:00','OTD','D','On Time','A5','','07','07','null','null','null','null','null','null','null','null','null','2022-06-06 11:05:12'),(1435764057,'Departure','Spicejet','null','Kolkata','SG 538','17:30:00','2022-06-06','17:30:00','SEC','D','Security','','24','','null','null','101','104','null','null','null','null','null','null','2022-06-06 11:05:12'),(1435764491,'Arrival','Spicejet','null','Darbhanga','SG 694','15:25:00','2022-06-06','15:55:00','ARR','D','Arrived','A3','','07','07','null','null','null','null','null','null','null','null','null','2022-06-06 11:05:12'),(1435764492,'Departure','Spicejet','null','Patna','SG 768','13:30:00','2022-06-06','13:30:00','AIB','D','Departed','','14','','null','null','101','104','null','null','null','null','null','null','2022-06-06 11:05:12'),(1435764907,'Arrival','Spicejet','null','Jabalpur','SG 3024','19:05:00','2022-06-06','18:55:00','OTD','D','On Time','A7','','07','07','null','null','null','null','null','null','null','null','null','2022-06-06 11:05:12'),(1435764908,'Departure','Spicejet','null','Mangalore','SG 3008','20:00:00','2022-06-06',NULL,'OTD','D','On Time','','22','','null','null','WW06','WW10','null','null','null','null','null','null','2022-06-06 11:05:12'),(1435765281,'Departure','Spicejet','null','Chennai','SG 3027','05:45:00','2022-06-06','05:45:00','AIB','D','Departed','','21','','null','null','101','104','null','null','null','null','null','null','2022-06-06 11:05:12'),(1435765282,'Arrival','Spicejet','null','Mangalore','SG 3009','22:35:00','2022-06-06','22:25:00','OTD','D','On Time','A7','','07','07','null','null','null','null','null','null','null','null','null','2022-06-06 11:05:12'),(1435765673,'Arrival','Spicejet','null','Chennai','SG 3028','09:00:00','2022-06-06','08:37:00','ARR','D','Arrived','A5','','02','02','null','null','null','null','null','null','null','null','null','2022-06-06 11:05:12'),(1435765674,'Departure','Spicejet','null','Jabalpur','SG 3023','09:25:00','2022-06-06','09:25:00','AIB','D','Departed','','22','','null','null','101','104','null','null','null','null','null','null','2022-06-06 11:05:12'),(1435770146,'Arrival','Spicejet','null','Gwalior','SG 3326','12:40:00','2022-06-06','12:50:00','ARR','D','Arrived','A3','','06','06','null','null','null','null','null','null','null','null','null','2022-06-06 11:05:12'),(1435770147,'Departure','Spicejet','null','Gwalior','SG 3325','13:10:00','2022-06-06','13:10:00','AIB','D','Departed','','23','','null','null','101','104','null','null','null','null','null','null','2022-06-06 11:05:12'),(1435771449,'Arrival','Spicejet','null','Puducherry','SG 3999','14:50:00','2022-06-06','16:10:00','ARR','D','Arrived','A3','','05','05','null','null','null','null','null','null','null','null','null','2022-06-06 11:05:12'),(1435771450,'Departure','Spicejet','null','Puducherry','SG 3998','15:20:00','2022-06-06',NULL,'null','D',' - ','','20','','null','null','101','104','null','null','null','null','null','null','2022-06-06 11:05:12'),(1435771884,'Arrival','Spicejet','null','Shirdi','SG 4004','14:35:00','2022-06-06','14:16:00','ARR','D','Arrived','A7','','01','01','null','null','null','null','null','null','null','null','null','2022-06-06 11:05:12'),(1435771885,'Departure','Spicejet','null','Shirdi','SG 4005','15:05:00','2022-06-06','15:05:00','AIB','D','Departed','','19','','null','null','101','104','null','null','null','null','null','null','2022-06-06 11:05:12'),(1435778376,'Arrival','Vistara','null','Mumbai','UK 863','10:50:00','2022-06-06','10:58:00','ARR','D','Arrived','A1','','02','02','null','null','null','null','null','null','null','null','null','2022-06-06 11:05:12'),(1435778377,'Departure','Vistara','null','Chandigarh','UK 657','11:30:00','2022-06-06','11:30:00','AIB','D','Departed','','1','','null','null','A43','A50','null','null','null','null','null','null','2022-06-06 11:05:12'),(1435778810,'Arrival','Vistara','null','Chandigarh','UK 658','18:15:00','2022-06-06','18:00:00','OTD','D','On Time','A5','','03','03','null','null','null','null','null','null','null','null','null','2022-06-06 11:05:12'),(1435778811,'Departure','Vistara','null','Mumbai','UK 864','18:55:00','2022-06-06','18:55:00','SEC','D','Security','','17','','null','null','A43','A50','null','null','null','null','null','null','2022-06-06 11:05:12'),(1435779678,'Arrival','Vistara','null','Mumbai','UK 845','07:45:00','2022-06-06','07:49:00','ARR','D','Arrived','A3','','04','04','null','null','null','null','null','null','null','null','null','2022-06-06 11:05:12'),(1435780548,'Arrival','Vistara','null','Hyderabad','UK 898','08:45:00','2022-06-06','08:40:00','ARR','D','Arrived','A7','','05','05','null','null','null','null','null','null','null','null','null','2022-06-06 11:05:12'),(1435780549,'Departure','Vistara','null','Guwahati','UK 755','10:30:00','2022-06-06','09:25:00','AIB','D','Departed','','19','','null','null','A43','A50','null','null','null','null','null','null','2022-06-06 11:05:12'),(1435780985,'Arrival','Vistara','null','Guwahati','UK 756','17:10:00','2022-06-06','16:38:00','ARR','D','Arrived','A2','','05','05','null','null','null','null','null','null','null','null','null','2022-06-06 11:05:12'),(1435780986,'Departure','Vistara','null','Hyderabad','UK 893','20:10:00','2022-06-06','20:10:00','OTD','D','On Time','','25','','null','null','A43','A50','null','null','null','null','null','null','2022-06-06 11:05:12'),(1435781421,'Arrival','Vistara','null','Delhi','UK 801','11:50:00','2022-06-06','12:00:00','ARR','D','Arrived','A7','','05','05','null','null','null','null','null','null','null','null','null','2022-06-06 11:05:12'),(1435781422,'Departure','Vistara','null','Goa','UK 867','12:45:00','2022-06-06','12:45:00','AIB','D','Departed','','28','','null','null','A43','A50','null','null','null','null','null','null','2022-06-06 11:05:12'),(1435781855,'Arrival','Vistara','null','Goa','UK 868','15:55:00','2022-06-06','15:58:00','ARR','D','Arrived','A5','','01','01','null','null','null','null','null','null','null','null','null','2022-06-06 11:05:12'),(1435781856,'Departure','Vistara','null','Delhi','UK 802','18:45:00','2022-06-06','18:50:00','SEC','D','Security','','18','','null','null','A43','A50','null','null','null','null','null','null','2022-06-06 11:05:12'),(1435782288,'Departure','Vistara','null','Delhi','UK 806','09:45:00','2022-06-06','09:45:00','AIB','D','Departed','','20','','null','null','A43','A50','null','null','null','null','null','null','2022-06-06 11:05:12'),(1435782722,'Departure','Vistara','null','Delhi','UK 808','08:00:00','2022-06-06','08:00:00','AIB','D','Departed','','19','','null','null','A43','A50','null','null','null','null','null','null','2022-06-06 11:05:12'),(1435782723,'Arrival','Vistara','null','Delhi','UK 807','23:20:00','2022-06-06','23:10:00','OTD','D','On Time','A3','','05','05','null','null','null','null','null','null','null','null','null','2022-06-06 11:05:12'),(1435783154,'Departure','Vistara','null','Delhi','UK 810','07:00:00','2022-06-06','07:00:00','AIB','D','Departed','','19','','null','null','A43','A50','null','null','null','null','null','null','2022-06-06 11:05:12'),(1435783155,'Arrival','Vistara','null','Delhi','UK 809','22:40:00','2022-06-06','22:35:00','OTD','D','On Time','A5','','05','05','null','null','null','null','null','null','null','null','null','2022-06-06 11:05:12'),(1435783587,'Arrival','Vistara','null','Delhi','UK 811','09:00:00','2022-06-06','08:57:00','ARR','D','Arrived','A5','','05','05','null','null','null','null','null','null','null','null','null','2022-06-06 11:05:12'),(1435784021,'Arrival','Vistara','null','Delhi','UK 813','20:30:00','2022-06-06','20:20:00','OTD','D','On Time','A1','','03','03','null','null','null','null','null','null','null','null','null','2022-06-06 11:05:12'),(1435784022,'Departure','Vistara','null','Delhi','UK 814','21:15:00','2022-06-06','21:15:00','OTD','D','On Time','','1','','null','null','A43','A50','null','null','null','null','null','null','2022-06-06 11:05:12'),(1435784457,'Arrival','Vistara','null','Delhi','UK 815','10:50:00','2022-06-06','11:01:00','ARR','D','Arrived','A7','','01','01','null','null','null','null','null','null','null','null','null','2022-06-06 11:05:12'),(1435784458,'Departure','Vistara','null','Delhi','UK 816','11:30:00','2022-06-06','11:30:00','AIB','D','Departed','','28','','null','null','A43','A50','null','null','null','null','null','null','2022-06-06 11:05:12'),(1435784892,'Arrival','Vistara','null','Delhi','UK 817','17:45:00','2022-06-06','18:45:00','RES','D','Rescheduled','A3','','03','03','null','null','null','null','null','null','null','null','null','2022-06-06 11:05:12'),(1435784893,'Departure','Vistara','null','Delhi','UK 818','19:40:00','2022-06-06','19:40:00','OTD','D','On Time','','21','','null','null','A43','A50','null','null','null','null','null','null','2022-06-06 11:05:12'),(1435785326,'Arrival','Vistara','null','Delhi','UK 819','16:55:00','2022-06-06','16:58:00','OTD','D','On Time','A3','','05','05','null','null','null','null','null','null','null','null','null','2022-06-06 11:05:12'),(1435785327,'Departure','Vistara','null','Delhi','UK 820','17:45:00','2022-06-06','17:45:00','NGT','D','New Gate','','21','','null','null','A43','A50','null','null','null','null','null','null','2022-06-06 11:05:12'),(1435785689,'Departure','Vistara','null','Mumbai','UK 846','08:30:00','2022-06-06','08:30:00','AIB','D','Departed','','14','','null','null','A43','A50','null','null','null','null','null','null','2022-06-06 11:05:12'),(1435785980,'Arrival','Vistara','null','Mumbai','UK 849','19:15:00','2022-06-06','19:15:00','OTD','D','On Time','A5','','04','04','null','null','null','null','null','null','null','null','null','2022-06-06 11:05:12'),(1435785981,'Departure','Vistara','null','Mumbai','UK 850','19:55:00','2022-06-06','19:55:00','OTD','D','On Time','','17','','null','null','A43','A50','null','null','null','null','null','null','2022-06-06 11:05:12'),(1435786418,'Arrival','Vistara','null','Mumbai','UK 851','08:50:00','2022-06-06','08:43:00','ARR','D','Arrived','A3','','07','07','null','null','null','null','null','null','null','null','null','2022-06-06 11:05:12'),(1435786419,'Departure','Vistara','null','Mumbai','UK 852','09:30:00','2022-06-06','09:30:00','AIB','D','Departed','','14','','null','null','A43','A50','null','null','null','null','null','null','2022-06-06 11:05:12'),(1435786854,'Arrival','Vistara','null','Mumbai','UK 853','17:45:00','2022-06-06','17:40:00','OTD','D','On Time','A1','','05','05','null','null','null','null','null','null','null','null','null','2022-06-06 11:05:12'),(1435786855,'Departure','Vistara','null','Mumbai','UK 854','18:25:00','2022-06-06','18:25:00','SEC','D','Security','','1','','null','null','A43','A50','null','null','null','null','null','null','2022-06-06 11:05:12'),(1435787287,'Departure','Vistara','null','Mumbai','UK 858','06:40:00','2022-06-06','06:40:00','AIB','D','Departed','','1','','null','null','A43','A50','null','null','null','null','null','null','2022-06-06 11:05:12'),(1435787288,'Arrival','Vistara','null','Mumbai','UK 857','22:50:00','2022-06-06','23:10:00','RES','D','Rescheduled','A5','','03','03','null','null','null','null','null','null','null','null','null','2022-06-06 11:05:12'),(1435787722,'Arrival','Vistara','null','Mumbai','UK 865','20:55:00','2022-06-06','20:50:00','OTD','D','On Time','A7','','05','05','null','null','null','null','null','null','null','null','null','2022-06-06 11:05:12'),(1435787723,'Departure','Vistara','null','Mumbai','UK 866','21:35:00','2022-06-06','21:40:00','OTD','D','On Time','','28','','null','null','A43','A50','null','null','null','null','null','null','2022-06-06 11:05:12'),(1435788591,'Departure','Vistara','null','Hyderabad','UK 897','07:45:00','2022-06-06','07:45:00','AIB','D','Departed','','21','','null','null','A43','A50','null','null','null','null','null','null','2022-06-06 11:05:12'),(1435788592,'Arrival','Vistara','null','Hyderabad','UK 894','20:00:00','2022-06-06','19:30:00','RES','D','Rescheduled','A5','','05','05','null','null','null','null','null','null','null','null','null','2022-06-06 11:05:12'),(1436397875,'Arrival','Indigo','null','Singapore','6E 058','06:15:00','2022-06-06','06:38:00','ARR','I','Arrived','32','','10A','10A','10B','null','null','null','null','null','null','null','null','2022-06-06 11:05:12'),(1436398241,'Arrival','Indigo','null','Imphal','6E 525','19:00:00','2022-06-06','18:50:00','OTD','D','On Time','A7','','04','04','null','null','null','null','null','null','null','null','null','2022-06-06 11:05:12'),(1436398242,'Departure','Indigo','null','Singapore','6E 073','20:05:00','2022-06-06','20:05:00','OTD','I','On Time','','37','','null','null','110','112','null','null','null','null','null','null','2022-06-06 11:05:12'),(1436399037,'Arrival','Indigo','null','Bangkok','6E 076','05:00:00','2022-06-06','04:50:00','ARR','I','Arrived','35','','10A','10A','null','null','null','null','null','null','null','null','null','2022-06-06 11:05:12'),(1436399325,'Arrival','Indigo','null','Dubai','6E 096','05:05:00','2022-06-06','05:38:00','ARR','I','Arrived','40','','08A','08A','null','null','null','null','null','null','null','null','null','2022-06-06 11:05:12'),(1436399326,'Departure','Indigo','null','Dubai','6E 095','08:15:00','2022-06-06','08:15:00','AIB','I','Departed','','41','','null','null','213','333','null','null','null','null','null','null','2022-06-06 11:05:12'),(1436400781,'Departure','Indigo','null','Goa','6E 194','06:35:00','2022-06-06','06:35:00','AIB','D','Departed','','15','','null','null','213','333','null','null','null','null','null','null','2022-06-06 11:05:12'),(1436400782,'Arrival','Indigo','null','Pune','6E 103','23:55:00','2022-06-06','23:45:00','OTD','D','On Time','A5','','03','03','null','null','null','null','null','null','null','null','null','2022-06-06 11:05:12'),(1436401215,'Arrival','Indigo','null','Dimapur','6E 958','16:35:00','2022-06-06','16:43:00','LAN','D','Landed','A3','','03','03','null','null','null','null','null','null','null','null','null','2022-06-06 11:05:12'),(1436401216,'Departure','Indigo','null','Mangalore','6E 109','17:30:00','2022-06-06','17:30:00','SEC','D','Security','','9','','null','null','213','333','null','null','null','null','null','null','2022-06-06 11:05:12'),(1436401649,'Arrival','Indigo','null','Pune','6E 391','09:20:00','2022-06-06','09:07:00','ARR','D','Arrived','A7','','06','06','null','null','null','null','null','null','null','null','null','2022-06-06 11:05:12'),(1436401650,'Departure','Indigo','null','Kochi','6E 113','09:55:00','2022-06-06','09:55:00','AIB','D','Departed','','29','','null','null','213','333','null','null','null','null','null','null','2022-06-06 11:05:12'),(1436402083,'Arrival','Indigo','null','Pune','6E 284','02:35:00','2022-06-06','06:57:00','ARR','D','Arrived','A5','','01','01','null','null','null','null','null','null','null','null','null','2022-06-06 09:00:12'),(1436402084,'Departure','Indigo','null','Mangalore','6E 131','06:15:00','2022-06-06','06:15:00','AIB','D','Departed','','6','','null','null','213','333','null','null','null','null','null','null','2022-06-06 11:05:12'),(1436402085,'Arrival','Indigo','null','Pune','6E 284','02:35:00','2022-06-07','02:25:00','OTD','D','On Time','','','05','05','null','null','null','null','null','null','null','null','null','2022-06-06 11:05:12'),(1436402520,'Arrival','Indigo','null','Hyderabad','6E 6066','10:35:00','2022-06-06','10:34:00','ARR','D','Arrived','A7','','07','07','null','null','null','null','null','null','null','null','null','2022-06-06 11:05:12'),(1436402521,'Departure','Indigo','null','Port Blair','6E 133','11:25:00','2022-06-06','12:05:00','AIB','D','Departed','','30','','null','null','213','333','null','null','null','null','null','null','2022-06-06 11:05:12'),(1436402954,'Arrival','Indigo','null','Varanasi','6E 144','10:45:00','2022-06-06','10:49:00','ARR','D','Arrived','A5','','06','06','null','null','null','null','null','null','null','null','null','2022-06-06 11:05:12'),(1436402955,'Departure','Indigo','null','Thiruvananthapuram','6E 6144','11:25:00','2022-06-06','12:00:00','AIB','D','Departed','','17','','null','null','213','333','null','null','null','null','null','null','2022-06-06 11:05:12'),(1436403390,'Arrival','Indigo','null','Hyderabad','6E 151','09:30:00','2022-06-06','09:44:00','ARR','D','Arrived','A1','','02','02','null','null','null','null','null','null','null','null','null','2022-06-06 11:05:12'),(1436403391,'Departure','Indigo','null','Darbhanga','6E 537','10:15:00','2022-06-06','10:15:00','AIB','D','Departed','','1','','null','null','213','333','null','null','null','null','null','null','2022-06-06 11:05:12'),(1436403824,'Arrival','Indigo','null','Port Blair','6E 152','16:55:00','2022-06-06','16:45:00','OTD','D','On Time','A7','','01','01','null','null','null','null','null','null','null','null','null','2022-06-06 11:05:12'),(1436403825,'Departure','Indigo','null','Mumbai','6E 738','17:50:00','2022-06-06','17:50:00','SEC','D','Security','','8','','null','null','213','333','null','null','null','null','null','null','2022-06-06 11:05:12'),(1436404258,'Arrival','Indigo','null','Mangalore','6E 172','13:00:00','2022-06-06','12:56:00','ARR','D','Arrived','A2','','05','05','null','null','null','null','null','null','null','null','null','2022-06-06 11:05:12'),(1436404259,'Departure','Indigo','null','Kolkata','6E 172','13:40:00','2022-06-06','13:40:00','AIB','D','Departed','','12','','null','null','213','333','null','null','null','null','null','null','2022-06-06 11:05:12'),(1436404693,'Departure','Indigo','null','Raipur','6E 978','16:10:00','2022-06-06','16:10:00','AIB','D','Departed','','9','','null','null','213','333','null','null','null','null','null','null','2022-06-06 11:05:12'),(1436405125,'Departure','Indigo','null','Pune','6E 699','02:30:00','2022-06-06','02:30:00','AIB','D','Departed','','6','','null','null','213','333','null','null','null','null','null','null','2022-06-06 08:55:12'),(1436405126,'Arrival','Indigo','null','Patna','6E 185','21:25:00','2022-06-06','21:15:00','OTD','D','On Time','A7','','01','01','null','null','null','null','null','null','null','null','null','2022-06-06 11:05:12'),(1436405127,'Departure','Indigo','null','Pune','6E 699','02:30:00','2022-06-07','02:30:00','OTD','D','On Time','','6','','null','null','213','333','null','null','null','null','null','null','2022-06-06 11:05:12'),(1436405559,'Arrival','Indigo','null','Chennai','6E 189','19:55:00','2022-06-06','19:45:00','OTD','D','On Time','A5','','07','07','null','null','null','null','null','null','null','null','null','2022-06-06 11:05:12'),(1436405560,'Departure','Indigo','null','Bhubaneswar','6E 411','20:55:00','2022-06-06','20:55:00','OTD','D','On Time','','7','','null','null','213','333','null','null','null','null','null','null','2022-06-06 11:05:12'),(1436405994,'Arrival','Indigo','null','Kochi','6E 6675','12:30:00','2022-06-06','12:53:00','ARR','D','Arrived','A3','','04','04','null','null','null','null','null','null','null','null','null','2022-06-06 11:05:12'),(1436405995,'Departure','Indigo','null','Lucknow','6E 196','13:20:00','2022-06-06','13:20:00','AIB','D','Departed','','9','','null','null','213','333','null','null','null','null','null','null','2022-06-06 11:05:12'),(1436406428,'Arrival','Indigo','null','Bareilly','6E 6534','17:10:00','2022-06-06','17:09:00','OTD','D','On Time','A5','','02','02','null','null','null','null','null','null','null','null','null','2022-06-06 11:05:12'),(1436406429,'Departure','Indigo','null','Kolkata','6E 217','18:10:00','2022-06-06','18:10:00','SEC','D','Security','','5','','null','null','213','333','null','null','null','null','null','null','2022-06-06 11:05:12'),(1436406862,'Arrival','Indigo','null','Mumbai','6E 219','16:15:00','2022-06-06','18:40:00','DLY','D','Delayed','A7','','07','07','null','null','null','null','null','null','null','null','null','2022-06-06 11:05:12'),(1436406863,'Departure','Indigo','null','Ahmedabad','6E 239','17:55:00','2022-06-06','19:45:00','DLY','D','Delayed','','7','','null','null','213','333','null','null','null','null','null','null','2022-06-06 11:05:12'),(1436407296,'Departure','Indigo','null','Dimapur','6E 227','06:30:00','2022-06-06','06:30:00','AIB','D','Departed','','4','','null','null','213','333','null','null','null','null','null','null','2022-06-06 11:05:12'),(1436407729,'Arrival','Indigo','null','Mumbai','6E 739','22:10:00','2022-06-06','22:00:00','OTD','D','On Time','A7','','05','05','null','null','null','null','null','null','null','null','null','2022-06-06 11:05:12'),(1436407730,'Departure','Indigo','null','Pune','6E 232','23:05:00','2022-06-06','23:05:00','OTD','D','On Time','','28','','null','null','213','333','null','null','null','null','null','null','2022-06-06 11:05:12'),(1436408162,'Arrival','Indigo','null','Pune','6E 6336','06:05:00','2022-06-06','06:42:00','ARR','D','Arrived','A5','','04','04','null','null','null','null','null','null','null','null','null','2022-06-06 11:05:12'),(1436408163,'Departure','Indigo','null','Patna','6E 255','08:35:00','2022-06-06','08:35:00','AIB','D','Departed','','9','','null','null','213','333','null','null','null','null','null','null','2022-06-06 11:05:12'),(1436408596,'Arrival','Indigo','null','Kolkata','6E 264','21:05:00','2022-06-06','20:55:00','OTD','D','On Time','A7','','02','02','null','null','null','null','null','null','null','null','null','2022-06-06 11:05:12'),(1436408597,'Departure','Indigo','null','Hyderabad','6E 684','22:10:00','2022-06-06','22:10:00','OTD','D','On Time','','3','','null','null','213','333','null','null','null','null','null','null','2022-06-06 11:05:12'),(1436409125,'Departure','Indigo','null','Raipur','6E 405','07:50:00','2022-06-06','07:50:00','AIB','D','Departed','','8','','null','null','213','333','null','null','null','null','null','null','2022-06-06 11:05:12'),(1436409126,'Arrival','Indigo','null','Hyderabad','6E 285','21:35:00','2022-06-06','21:25:00','OTD','D','On Time','A7','','06','06','null','null','null','null','null','null','null','null','null','2022-06-06 11:05:12'),(1436409559,'Arrival','Indigo','null','Visakhapatnam','6E 287','09:10:00','2022-06-06','12:38:00','ARR','D','Arrived','A5','','02','02','null','null','null','null','null','null','null','null','null','2022-06-06 11:05:12'),(1436409560,'Departure','Indigo','null','Imphal','6E 524','10:05:00','2022-06-06','10:05:00','AIB','D','Departed','','4','','null','null','213','333','null','null','null','null','null','null','2022-06-06 11:05:12'),(1436409992,'Departure','Indigo','null','Visakhapatnam','6E 288','05:25:00','2022-06-06','05:25:00','AIB','D','Departed','','4','','null','null','213','333','null','null','null','null','null','null','2022-06-06 11:05:12'),(1436409993,'Arrival','Indigo','null','Goa','6E 6806','00:25:00','2022-06-07','00:15:00','OTD','D','On Time','A3','','01','01','null','null','null','null','null','null','null','null','null','2022-06-06 11:05:12'),(1436410427,'Arrival','Indigo','null','Delhi','6E 308','11:00:00','2022-06-06','11:04:00','ARR','D','Arrived','A7','','03','03','null','null','null','null','null','null','null','null','null','2022-06-06 11:05:12'),(1436410428,'Departure','Indigo','null','Delhi','6E 869','11:45:00','2022-06-06','11:45:00','AIB','D','Departed','','29','','null','null','213','333','null','null','null','null','null','null','2022-06-06 11:05:12'),(1436410861,'Arrival','Indigo','null','Agartala','6E 316','21:05:00','2022-06-06','20:55:00','OTD','D','On Time','A5','','04','04','null','null','null','null','null','null','null','null','null','2022-06-06 11:05:12'),(1436411295,'Arrival','Indigo','null','Mangalore','6E 347','14:35:00','2022-06-06','15:06:00','ARR','D','Arrived','A7','','02','02','null','null','null','null','null','null','null','null','null','2022-06-06 11:05:12'),(1436411296,'Departure','Indigo','null','Mangalore','6E 317','15:30:00','2022-06-06','15:30:00','AIB','D','Departed','','28','','null','null','213','333','null','null','null','null','null','null','2022-06-06 11:05:12'),(1436411729,'Arrival','Indigo','null','Lucknow','6E 325','11:40:00','2022-06-06','11:32:00','ARR','D','Arrived','A3','','05','05','null','null','null','null','null','null','null','null','null','2022-06-06 11:05:12'),(1436411730,'Departure','Indigo','null','Visakhapatnam','6E 6366','12:30:00','2022-06-06','12:30:00','AIB','D','Departed','','4','','null','null','213','333','null','null','null','null','null','null','2022-06-06 11:05:12'),(1436412164,'Departure','Indigo','null','Patna','6E 342','15:40:00','2022-06-06','15:40:00','AIB','D','Departed','','6','','null','null','213','333','null','null','null','null','null','null','2022-06-06 11:05:12'),(1436412597,'Arrival','Indigo','null','Coimbatore','6E 355','20:45:00','2022-06-06','20:35:00','OTD','D','On Time','A7','','07','07','null','null','null','null','null','null','null','null','null','2022-06-06 11:05:12'),(1436413030,'Arrival','Indigo','null','Shirdi','6E 356','16:30:00','2022-06-06','17:28:00','DLY','D','Delayed','A3','','04','04','null','null','null','null','null','null','null','null','null','2022-06-06 11:05:12'),(1436413031,'Departure','Indigo','null','Chennai','6E 356','17:25:00','2022-06-06','17:25:00','NGT','D','New Gate','','14','','null','null','213','333','null','null','null','null','null','null','2022-06-06 11:05:12'),(1436413507,'Departure','Indigo','null','Bhubaneswar','6E 368','05:15:00','2022-06-06','05:15:00','AIB','D','Departed','','8','','null','null','213','333','null','null','null','null','null','null','2022-06-06 11:05:12'),(1436413508,'Arrival','Indigo','null','Varanasi','6E 499','22:20:00','2022-06-06','22:10:00','OTD','D','On Time','A3','','06','06','null','null','null','null','null','null','null','null','null','2022-06-06 11:05:12'),(1436413941,'Departure','Indigo','null','Thiruvananthapuram','6E 688','09:05:00','2022-06-06','09:05:00','AIB','D','Departed','','6','','null','null','213','333','null','null','null','null','null','null','2022-06-06 11:05:12'),(1436413942,'Arrival','Indigo','null','Jaipur','6E 373','00:45:00','2022-06-07','00:35:00','OTD','D','On Time','A7','','06','06','null','null','null','null','null','null','null','null','null','2022-06-06 11:05:12'),(1436414374,'Arrival','Indigo','null','Goa','6E 381','15:50:00','2022-06-06','16:06:00','ARR','D','Arrived','A5','','02','02','null','null','null','null','null','null','null','null','null','2022-06-06 11:05:12'),(1436414375,'Departure','Indigo','null','Varanasi','6E 968','16:50:00','2022-06-06','16:50:00','LCL','D','Final Call','','17','','null','null','213','333','null','null','null','null','null','null','2022-06-06 11:05:12'),(1436414808,'Arrival','Indigo','null','Mangalore','6E 388','19:40:00','2022-06-06','19:30:00','OTD','D','On Time','A2','','06','06','null','null','null','null','null','null','null','null','null','2022-06-06 11:05:12'),(1436414809,'Departure','Indigo','null','Pune','6E 426','20:30:00','2022-06-06','20:30:00','OTD','D','On Time','','12','','null','null','213','333','null','null','null','null','null','null','2022-06-06 11:05:12'),(1436415242,'Arrival','Indigo','null','Bhubaneswar','6E 393','09:45:00','2022-06-06','09:40:00','ARR','D','Arrived','A3','','05','05','null','null','null','null','null','null','null','null','null','2022-06-06 11:05:12'),(1436415243,'Departure','Indigo','null','Rajkot','6E 6507','11:35:00','2022-06-06','11:35:00','AIB','D','Departed','','15','','null','null','213','333','null','null','null','null','null','null','2022-06-06 11:05:12'),(1436415679,'Arrival','Indigo','null','Raipur','6E 406','12:05:00','2022-06-06','12:21:00','ARR','D','Arrived','A3','','03','03','null','null','null','null','null','null','null','null','null','2022-06-06 11:05:12'),(1436415680,'Departure','Indigo','null','Hyderabad','6E 6491','12:35:00','2022-06-06','12:35:00','AIB','D','Departed','','7','','null','null','213','333','null','null','null','null','null','null','2022-06-06 11:05:12'),(1436416112,'Departure','Indigo','null','Pune','6E 408','05:25:00','2022-06-06','05:25:00','AIB','D','Departed','','3','','null','null','213','333','null','null','null','null','null','null','2022-06-06 11:05:12'),(1436416113,'Arrival','Indigo','null','Goa','6E 589','22:20:00','2022-06-06','22:10:00','OTD','D','On Time','A3','','01','01','null','null','null','null','null','null','null','null','null','2022-06-06 11:05:12'),(1436416545,'Arrival','Indigo','null','Hyderabad','6E 413','08:15:00','2022-06-06','08:13:00','ARR','D','Arrived','A7','','04','04','null','null','null','null','null','null','null','null','null','2022-06-06 11:05:12'),(1436416546,'Departure','Indigo','null','Gorakhpur','6E 886','08:55:00','2022-06-06','08:55:00','AIB','D','Departed','','7','','null','null','213','333','null','null','null','null','null','null','2022-06-06 11:05:12'),(1436416979,'Arrival','Indigo','null','Jaipur','6E 839','07:35:00','2022-06-06','07:40:00','ARR','D','Arrived','A7','','05','05','null','null','null','null','null','null','null','null','null','2022-06-06 11:05:12'),(1436416980,'Departure','Indigo','null','Jaipur','6E 415','08:50:00','2022-06-06','08:50:00','AIB','D','Departed','','4','','null','null','213','333','null','null','null','null','null','null','2022-06-06 11:05:12'),(1436417413,'Arrival','Indigo','null','Visakhapatnam','6E 422','15:50:00','2022-06-06','16:27:00','ARR','D','Arrived','A5','','07','07','null','null','null','null','null','null','null','null','null','2022-06-06 11:05:12'),(1436417414,'Departure','Indigo','null','Mumbai','6E 5251','16:50:00','2022-06-06','16:50:00','LCL','D','Final Call','','6','','null','null','213','333','null','null','null','null','null','null','2022-06-06 11:05:12'),(1436417848,'Departure','Indigo','null','Bagdogra','6E 443','06:25:00','2022-06-06','06:25:00','AIB','D','Departed','','5','','null','null','213','333','null','null','null','null','null','null','2022-06-06 11:05:12'),(1436417849,'Arrival','Indigo','null','Bhubaneswar','6E 431','01:30:00','2022-06-07','01:20:00','OTD','D','On Time','A7','','04','04','null','null','null','null','null','null','null','null','null','2022-06-06 11:05:12'),(1436418281,'Arrival','Indigo','null','Lucknow','6E 435','18:35:00','2022-06-06','18:25:00','OTD','D','On Time','A7','','01','01','null','null','null','null','null','null','null','null','null','2022-06-06 11:05:12'),(1436418282,'Departure','Indigo','null','Goa','6E 588','19:25:00','2022-06-06','19:25:00','OTD','D','On Time','','3','','null','null','213','333','null','null','null','null','null','null','2022-06-06 11:05:12'),(1436418715,'Arrival','Indigo','null','Kolkata','6E 771','08:05:00','2022-06-06','08:24:00','ARR','D','Arrived','A5','','04','04','null','null','null','null','null','null','null','null','null','2022-06-06 11:05:12'),(1436418716,'Departure','Indigo','null','Jorhat','6E 442','09:15:00','2022-06-06','09:15:00','AIB','D','Departed','','5','','null','null','213','333','null','null','null','null','null','null','2022-06-06 11:05:12'),(1436419142,'Arrival','Indigo','null','Bagdogra','6E 445','12:40:00','2022-06-06','13:02:00','ARR','D','Arrived','A7','','03','03','null','null','null','null','null','null','null','null','null','2022-06-06 11:05:12'),(1436419471,'Arrival','Indigo','null','Coimbatore','6E 532','17:25:00','2022-06-06','17:15:00','OTD','D','On Time','A7','','01','01','null','null','null','null','null','null','null','null','null','2022-06-06 11:05:12'),(1436419472,'Departure','Indigo','null','Lucknow','6E 451','18:20:00','2022-06-06','18:20:00','SEC','D','Security','','29','','null','null','213','333','null','null','null','null','null','null','2022-06-06 11:05:12'),(1436419905,'Arrival','Indigo','null','Kolkata','6E 455','14:40:00','2022-06-06','14:28:00','ARR','D','Arrived','A5','','06','06','null','null','null','null','null','null','null','null','null','2022-06-06 11:05:12'),(1436419906,'Departure','Indigo','null','Kolkata','6E 6572','15:25:00','2022-06-06','15:25:00','AIB','D','Departed','','8','','null','null','213','333','null','null','null','null','null','null','2022-06-06 11:05:12'),(1436420409,'Arrival','Indigo','null','Delhi','6E 6827','11:55:00','2022-06-06','11:52:00','ARR','D','Arrived','A5','','01','01','null','null','null','null','null','null','null','null','null','2022-06-06 11:05:12'),(1436420410,'Departure','Indigo','null','Surat','6E 465','12:40:00','2022-06-06','12:40:00','AIB','D','Departed','','15','','null','null','213','333','null','null','null','null','null','null','2022-06-06 11:05:12'),(1436420844,'Arrival','Indigo','null','Jaipur','6E 498','14:25:00','2022-06-06','14:26:00','ARR','D','Arrived','A3','','02','02','null','null','null','null','null','null','null','null','null','2022-06-06 11:05:12'),(1436420845,'Departure','Indigo','null','Jaipur','6E 469','15:35:00','2022-06-06','15:45:00','AIB','D','Departed','','7','','null','null','213','333','null','null','null','null','null','null','2022-06-06 11:05:12'),(1436421278,'Arrival','Indigo','null','Kochi','6E 472','22:15:00','2022-06-06','22:05:00','OTD','D','On Time','A1','','03','03','null','null','null','null','null','null','null','null','null','2022-06-06 11:05:12'),(1436421279,'Departure','Indigo','null','Mumbai','6E 5344','22:55:00','2022-06-06','22:55:00','OTD','D','On Time','','2','','null','null','213','333','null','null','null','null','null','null','2022-06-06 11:05:12'),(1436421712,'Arrival','Indigo','null','Coimbatore','6E 475','09:15:00','2022-06-06','09:26:00','ARR','D','Arrived','A7','','02','02','null','null','null','null','null','null','null','null','null','2022-06-06 11:05:12'),(1436421713,'Departure','Indigo','null','Bareilly','6E 6533','09:55:00','2022-06-06','09:55:00','AIB','D','Departed','','5','','null','null','213','333','null','null','null','null','null','null','2022-06-06 11:05:12'),(1436422147,'Arrival','Indigo','null','Srinagar','6E 478','19:15:00','2022-06-06','19:05:00','OTD','D','On Time','A3','','05','05','null','null','null','null','null','null','null','null','null','2022-06-06 11:05:12'),(1436422148,'Departure','Indigo','null','Chennai','6E 478','19:55:00','2022-06-06','19:55:00','OTD','D','On Time','','9','','null','null','213','333','null','null','null','null','null','null','2022-06-06 11:05:12'),(1436422583,'Departure','Indigo','null','Mumbai','6E 6479','07:00:00','2022-06-06','07:00:00','AIB','D','Departed','','9','','null','null','213','333','null','null','null','null','null','null','2022-06-06 11:05:12'),(1436422584,'Arrival','Indigo','null','Ahmedabad','6E 481','22:50:00','2022-06-06','22:40:00','OTD','D','On Time','A7','','02','02','null','null','null','null','null','null','null','null','null','2022-06-06 11:05:12'),(1436423018,'Arrival','Indigo','null','Goa','6E 948','03:35:00','2022-06-06','03:42:00','ARR','D','Arrived','A3','','04','04','null','null','null','null','null','null','null','null','null','2022-06-06 10:00:12'),(1436423019,'Departure','Indigo','null','Hyderabad','6E 484','07:10:00','2022-06-06','07:10:00','AIB','D','Departed','','4','','null','null','213','333','null','null','null','null','null','null','2022-06-06 11:05:12'),(1436423020,'Arrival','Indigo','null','Goa','6E 948','03:35:00','2022-06-07','03:25:00','OTD','D','On Time','A7','','06','06','null','null','null','null','null','null','null','null','null','2022-06-06 11:05:12'),(1436423452,'Arrival','Indigo','null','Jammu','6E 6402','17:20:00','2022-06-06','17:10:00','OTD','D','On Time','A7','','04','04','null','null','null','null','null','null','null','null','null','2022-06-06 11:05:12'),(1436423453,'Departure','Indigo','null','Nagpur','6E 486','17:55:00','2022-06-06','17:55:00','SEC','D','Security','','30','','null','null','213','333','null','null','null','null','null','null','2022-06-06 11:05:12'),(1436423887,'Arrival','Indigo','null','Mumbai','6E 6293','09:20:00','2022-06-06','09:23:00','ARR','D','Arrived','A3','','05','05','null','null','null','null','null','null','null','null','null','2022-06-06 11:05:12'),(1436423888,'Departure','Indigo','null','Mumbai','6E 488','10:00:00','2022-06-06','10:00:00','AIB','D','Departed','','30','','null','null','213','333','null','null','null','null','null','null','2022-06-06 11:05:12'),(1436424327,'Arrival','Indigo','null','Kolkata','6E 496','09:15:00','2022-06-06','09:10:00','ARR','D','Arrived','A3','','01','01','null','null','null','null','null','null','null','null','null','2022-06-06 11:05:12'),(1436424328,'Departure','Indigo','null','Mangalore','6E 496','10:20:00','2022-06-06','10:20:00','AIB','D','Departed','','3','','null','null','213','333','null','null','null','null','null','null','2022-06-06 11:05:12'),(1436424763,'Departure','Indigo','null','Kolkata','6E 503','11:55:00','2022-06-06','11:55:00','AIB','D','Departed','','7','','null','null','213','333','null','null','null','null','null','null','2022-06-06 11:05:12'),(1436425266,'Arrival','Indigo','null','Jodhpur','6E 6033','16:20:00','2022-06-06','16:55:00','DLY','D','Delayed','A1','','06','06','null','null','null','null','null','null','null','null','null','2022-06-06 11:05:12'),(1436425267,'Departure','Indigo','null','Pune','6E 528','17:05:00','2022-06-06','17:05:00','NGT','D','New Gate','','2','','null','null','213','333','null','null','null','null','null','null','2022-06-06 11:05:12'),(1436425701,'Arrival','Indigo','null','Mumbai','6E 6463','08:45:00','2022-06-06','08:52:00','ARR','D','Arrived','A5','','04','04','null','null','null','null','null','null','null','null','null','2022-06-06 11:05:12'),(1436425702,'Departure','Indigo','null','Chennai','6E 541','09:35:00','2022-06-06','09:35:00','AIB','D','Departed','','8','','null','null','213','333','null','null','null','null','null','null','2022-06-06 11:05:12'),(1436426077,'Arrival','Indigo','null','Jaipur','6E 556','21:05:00','2022-06-06','20:55:00','OTD','D','On Time','A5','','06','06','null','null','null','null','null','null','null','null','null','2022-06-06 11:05:12'),(1436426384,'Departure','Indigo','null','Coimbatore','6E 857','07:00:00','2022-06-06','07:00:00','AIB','D','Departed','','17','','null','null','213','333','null','null','null','null','null','null','2022-06-06 11:05:12'),(1436426385,'Arrival','Indigo','null','Kolkata','6E 573','23:50:00','2022-06-06','23:40:00','OTD','D','On Time','A5','','04','04','null','null','null','null','null','null','null','null','null','2022-06-06 11:05:12'),(1436426817,'Departure','Indigo','null','Ahmedabad','6E 586','05:05:00','2022-06-06','05:05:00','AIB','D','Departed','','7','','null','null','213','333','null','null','null','null','null','null','2022-06-06 11:05:12'),(1436427234,'Arrival','Indigo','null','Male','6E 1789','14:40:00','2022-06-06','15:25:00','ARR','I','Arrived','36','','10A','10A','null','null','null','null','null','null','null','null','null','2022-06-06 11:05:12'),(1436427235,'Departure','Indigo','null','Kochi','6E 602','16:20:00','2022-06-06','16:20:00','DEP','D','Departed','','8','','null','null','213','333','null','null','null','null','null','null','2022-06-06 11:05:12'),(1436427606,'Arrival','Indigo','null','Pune','6E 629','14:25:00','2022-06-06','14:46:00','ARR','D','Arrived','A5','','01','01','null','null','null','null','null','null','null','null','null','2022-06-06 11:05:12'),(1436428041,'Arrival','Indigo','null','Gorakhpur','6E 6319','17:55:00','2022-06-06','17:45:00','OTD','D','On Time','A1','','01','01','null','null','null','null','null','null','null','null','null','2022-06-06 11:05:12'),(1436428042,'Departure','Indigo','null','Hyderabad','6E 638','18:50:00','2022-06-06','18:50:00','SEC','D','Security','','2','','null','null','213','333','null','null','null','null','null','null','2022-06-06 11:05:12'),(1436428479,'Arrival','Indigo','null','Thiruvananthapuram','6E 661','12:15:00','2022-06-06','12:07:00','ARR','D','Arrived','A7','','04','04','null','null','null','null','null','null','null','null','null','2022-06-06 11:05:12'),(1436428480,'Departure','Indigo','null','Goa','6E 6345','13:00:00','2022-06-06','13:00:00','AIB','D','Departed','','18','','null','null','213','333','null','null','null','null','null','null','2022-06-06 11:05:12'),(1436428913,'Arrival','Indigo','null','Jorhat','6E 757','19:15:00','2022-06-06','19:05:00','OTD','D','On Time','A5','','06','06','null','null','null','null','null','null','null','null','null','2022-06-06 11:05:12'),(1436428914,'Departure','Indigo','null','Kolkata','6E 676','19:55:00','2022-06-06','19:55:00','OTD','D','On Time','','5','','null','null','213','333','null','null','null','null','null','null','2022-06-06 11:05:12'),(1436429347,'Arrival','Indigo','null','Thiruvananthapuram','6E 691','19:20:00','2022-06-06','19:10:00','OTD','D','On Time','A3','','02','02','null','null','null','null','null','null','null','null','null','2022-06-06 11:05:12'),(1436429348,'Departure','Indigo','null','Ahmedabad','6E 6423','20:20:00','2022-06-06','20:20:00','OTD','D','On Time','','6','','null','null','213','333','null','null','null','null','null','null','2022-06-06 11:05:12'),(1436429782,'Arrival','Indigo','null','Indore','6E 701','08:05:00','2022-06-06','08:02:00','ARR','D','Arrived','A7','','05','05','null','null','null','null','null','null','null','null','null','2022-06-06 11:05:12'),(1436429783,'Departure','Indigo','null','Male','6E 1788','09:35:00','2022-06-06','09:35:00','AIB','I','Departed','','37','','null','null','213','333','null','null','null','null','null','null','2022-06-06 11:05:12'),(1436430216,'Arrival','Indigo','null','Kochi','6E 702','06:45:00','2022-06-06','06:44:00','ARR','D','Arrived','A7','','03','03','null','null','null','null','null','null','null','null','null','2022-06-06 11:05:12'),(1436430217,'Departure','Indigo','null','Bhopal','6E 702','07:25:00','2022-06-06','07:25:00','AIB','D','Departed','','29','','null','null','213','333','null','null','null','null','null','null','2022-06-06 11:05:12'),(1436430651,'Arrival','Indigo','null','Bhopal','6E 703','12:10:00','2022-06-06','11:56:00','ARR','D','Arrived','A5','','03','03','null','null','null','null','null','null','null','null','null','2022-06-06 11:05:12'),(1436430652,'Departure','Indigo','null','Kochi','6E 703','13:10:00','2022-06-06','13:10:00','AIB','D','Departed','','5','','null','null','213','333','null','null','null','null','null','null','2022-06-06 11:05:12'),(1436431087,'Arrival','Indigo','null','Delhi','6E 781','18:15:00','2022-06-06','18:05:00','OTD','D','On Time','A7','','05','05','null','null','null','null','null','null','null','null','null','2022-06-06 11:05:12'),(1436431088,'Departure','Indigo','null','Delhi','6E 735','19:15:00','2022-06-06','19:15:00','OTD','D','On Time','','4','','null','null','213','333','null','null','null','null','null','null','2022-06-06 11:05:12'),(1436431524,'Arrival','Indigo','null','Delhi','6E 2487','19:55:00','2022-06-06','19:45:00','OTD','D','On Time','A3','','02','02','null','null','null','null','null','null','null','null','null','2022-06-06 11:05:12'),(1436431525,'Departure','Indigo','null','Indore','6E 747','20:45:00','2022-06-06','20:45:00','OTD','D','On Time','','14','','null','null','213','333','null','null','null','null','null','null','2022-06-06 11:05:12'),(1436431826,'Arrival','Indigo','null','Ahmedabad','6E 758','17:15:00','2022-06-06','17:05:00','OTD','D','On Time','A7','','02','02','null','null','null','null','null','null','null','null','null','2022-06-06 11:05:12'),(1436431827,'Departure','Indigo','null','Delhi','6E 2174','18:00:00','2022-06-06','18:00:00','SEC','D','Security','','6','','null','null','213','333','null','null','null','null','null','null','2022-06-06 11:05:12'),(1436432260,'Arrival','Indigo','null','Visakhapatnam','6E 776','20:25:00','2022-06-06','20:15:00','OTD','D','On Time','A5','','02','02','null','null','null','null','null','null','null','null','null','2022-06-06 11:05:12'),(1436432694,'Arrival','Indigo','null','Chennai','6E 797','08:40:00','2022-06-06','09:02:00','ARR','D','Arrived','A3','','02','02','null','null','null','null','null','null','null','null','null','2022-06-06 11:05:12'),(1436432695,'Departure','Indigo','null','Srinagar','6E 797','09:15:00','2022-06-06','09:15:00','AIB','D','Departed','','9','','null','null','213','333','null','null','null','null','null','null','2022-06-06 11:05:12'),(1436433128,'Arrival','Indigo','null','Pune','6E 6055','20:40:00','2022-06-06','20:30:00','OTD','D','On Time','A5','','01','01','null','null','null','null','null','null','null','null','null','2022-06-06 11:05:12'),(1436433129,'Departure','Indigo','null','Goa','6E 806','21:40:00','2022-06-06','21:40:00','OTD','D','On Time','','4','','null','null','213','333','null','null','null','null','null','null','2022-06-06 11:05:12'),(1436433562,'Arrival','Indigo','null','Delhi','6E 5009','09:50:00','2022-06-06','10:27:00','ARR','D','Arrived','A7','','01','01','null','null','null','null','null','null','null','null','null','2022-06-06 11:05:12'),(1436433563,'Departure','Indigo','null','Vadodara','6E 807','10:25:00','2022-06-06','10:55:00','AIB','D','Departed','','2','','null','null','213','333','null','null','null','null','null','null','2022-06-06 11:05:12'),(1436433996,'Arrival','Indigo','null','Vadodara','6E 808','19:50:00','2022-06-06','19:30:00','OTD','D','On Time','A5','','03','03','null','null','null','null','null','null','null','null','null','2022-06-06 11:05:12'),(1436433997,'Departure','Indigo','null','Delhi','6E 5025','20:30:00','2022-06-06','20:30:00','OTD','D','On Time','','3','','null','null','213','333','null','null','null','null','null','null','2022-06-06 11:05:12'),(1436434430,'Arrival','Indigo','null','Ahmedabad','6E 823','10:00:00','2022-06-06','10:09:00','ARR','D','Arrived','A3','','02','02','null','null','null','null','null','null','null','null','null','2022-06-06 11:05:12'),(1436434431,'Departure','Indigo','null','Bhubaneswar','6E 6535','12:00:00','2022-06-06','12:00:00','AIB','D','Departed','','6','','null','null','213','333','null','null','null','null','null','null','2022-06-06 11:05:12'),(1436434864,'Arrival','Indigo','null','Hyderabad','6E 827','13:10:00','2022-06-06','13:13:00','ARR','D','Arrived','A7','','07','07','null','null','null','null','null','null','null','null','null','2022-06-06 11:05:12'),(1436434865,'Departure','Indigo','null','Delhi','6E 2401','13:55:00','2022-06-06','13:55:00','AIB','D','Departed','','28','','null','null','213','333','null','null','null','null','null','null','2022-06-06 11:05:12'),(1436435299,'Departure','Indigo','null','Jaipur','6E 838','19:15:00','2022-06-06','19:15:00','OTD','D','On Time','','6','','null','null','213','333','null','null','null','null','null','null','2022-06-06 11:05:12'),(1436435732,'Arrival','Indigo','null','Chennai','6E 6605','14:00:00','2022-06-06','15:12:00','ARR','D','Arrived','A7','','06','06','null','null','null','null','null','null','null','null','null','2022-06-06 11:05:12'),(1436435733,'Departure','Indigo','null','Chennai','6E 841','14:50:00','2022-06-06','15:30:00','AIB','D','Departed','','30','','null','null','213','333','null','null','null','null','null','null','2022-06-06 11:05:12'),(1436436166,'Arrival','Indigo','null','Chandigarh','6E 849','09:45:00','2022-06-06','09:52:00','ARR','D','Arrived','A1','','03','03','null','null','null','null','null','null','null','null','null','2022-06-06 11:05:12'),(1436436167,'Departure','Indigo','null','Chandigarh','6E 6512','10:35:00','2022-06-06','10:55:00','AIB','D','Departed','','8','','null','null','213','333','null','null','null','null','null','null','2022-06-06 11:05:12'),(1436436601,'Arrival','Indigo','null','Goa','6E 921','09:30:00','2022-06-06','09:35:00','ARR','D','Arrived','A7','','01','01','null','null','null','null','null','null','null','null','null','2022-06-06 11:05:12'),(1436436602,'Departure','Indigo','null','Dehradun','6E 852','10:20:00','2022-06-06','10:20:00','AIB','D','Departed','','15','','null','null','213','333','null','null','null','null','null','null','2022-06-06 11:05:12'),(1436437036,'Arrival','Indigo','null','Darbhanga','6E 6417','19:20:00','2022-06-06','19:10:00','OTD','D','On Time','A1','','01','01','null','null','null','null','null','null','null','null','null','2022-06-06 11:05:12'),(1436437037,'Departure','Indigo','null','Hyderabad','6E 855','20:10:00','2022-06-06','20:10:00','OTD','D','On Time','','2','','null','null','213','333','null','null','null','null','null','null','2022-06-06 11:05:12'),(1436437471,'Arrival','Indigo','null','Delhi','6E 6612','08:35:00','2022-06-06','08:48:00','ARR','D','Arrived','A5','','03','03','null','null','null','null','null','null','null','null','null','2022-06-06 11:05:12'),(1436437472,'Departure','Indigo','null','Delhi','6E 871','09:20:00','2022-06-06','09:20:00','AIB','D','Departed','','9','','null','null','213','333','null','null','null','null','null','null','2022-06-06 11:05:12'),(1436437907,'Arrival','Indigo','null','Ahmedabad','6E 996','01:00:00','2022-06-07','00:50:00','OTD','D','On Time','A7','','04','04','null','null','null','null','null','null','null','null','null','2022-06-06 11:05:12'),(1436438338,'Departure','Indigo','null','Mumbai','6E 6464','04:40:00','2022-06-06','04:40:00','AIB','D','Departed','','5','','null','null','213','333','null','null','null','null','null','null','2022-06-06 11:05:12'),(1436438339,'Arrival','Indigo','null','Mangalore','6E 877','21:20:00','2022-06-06','21:10:00','OTD','D','On Time','A3','','05','05','null','null','null','null','null','null','null','null','null','2022-06-06 11:05:12'),(1436438772,'Departure','Indigo','null','Varanasi','6E 897','05:30:00','2022-06-06','05:30:00','AIB','D','Departed','','9','','null','null','213','333','null','null','null','null','null','null','2022-06-06 11:05:12'),(1436438773,'Arrival','Indigo','null','Raipur','6E 979','20:30:00','2022-06-06','20:20:00','OTD','D','On Time','A5','','07','07','null','null','null','null','null','null','null','null','null','2022-06-06 11:05:12'),(1436439205,'Arrival','Indigo','null','Nagpur','6E 909','10:15:00','2022-06-06','10:20:00','ARR','D','Arrived','A2','','04','04','null','null','null','null','null','null','null','null','null','2022-06-06 11:05:12'),(1436439206,'Departure','Indigo','null','Pune','6E 6104','11:05:00','2022-06-06','11:05:00','AIB','D','Departed','','12','','null','null','213','333','null','null','null','null','null','null','2022-06-06 11:05:12'),(1436439640,'Arrival','Indigo','null','Thiruvananthapuram','6E 6644','22:40:00','2022-06-06','22:30:00','OTD','D','On Time','A7','','05','05','null','null','null','null','null','null','null','null','null','2022-06-06 11:05:12'),(1436439641,'Departure','Indigo','null','Goa','6E 947','00:35:00','2022-06-07','00:35:00','OTD','D','On Time','','6','','null','null','213','333','null','null','null','null','null','null','2022-06-06 11:05:12'),(1436440074,'Arrival','Indigo','null','Hyderabad','6E 949','01:15:00','2022-06-07','01:05:00','OTD','D','On Time','','','05','05','null','null','null','null','null','null','null','null','null','2022-06-06 11:05:12'),(1436440509,'Arrival','Indigo','null','Kolkata','6E 6314','22:25:00','2022-06-06','22:15:00','OTD','D','On Time','A3','','04','04','null','null','null','null','null','null','null','null','null','2022-06-06 11:05:12'),(1436440510,'Departure','Indigo','null','Kolkata','6E 952','23:25:00','2022-06-06','23:25:00','OTD','D','On Time','','4','','null','null','213','333','null','null','null','null','null','null','2022-06-06 11:05:12'),(1436441088,'Arrival','Indigo','null','Agra Kheria','6E 5917','16:00:00','2022-06-06','16:12:00','ARR','D','Arrived','A7','','04','04','null','null','null','null','null','null','null','null','null','2022-06-06 11:05:12'),(1436441089,'Departure','Indigo','null','Visakhapatnam','6E 969','16:45:00','2022-06-06','16:45:00','GCL','D','Gate Closed','','18','','null','null','213','333','null','null','null','null','null','null','2022-06-06 11:05:12'),(1436441459,'Departure','Indigo','null','Chennai','6E 6269','07:00:00','2022-06-06','07:00:00','AIB','D','Departed','','5','','null','null','213','333','null','null','null','null','null','null','2022-06-06 11:05:12'),(1436441894,'Arrival','Indigo','null','DOHA  Qatar','6E 1723','03:10:00','2022-06-06','03:16:00','ARR','I','Arrived','43','','08A','08A','null','null','null','null','null','null','null','null','null','2022-06-06 09:35:12'),(1436441895,'Departure','Indigo','null','DOHA  Qatar','6E 1724','04:30:00','2022-06-06','04:30:00','AIB','I','Departed','','43','','null','null','213','333','null','null','null','null','null','null','2022-06-06 10:55:12'),(1436441896,'Arrival','Indigo','null','DOHA  Qatar','6E 1723','03:10:00','2022-06-07','03:00:00','OTD','I','On Time','43','','08B','08B','null','null','null','null','null','null','null','null','null','2022-06-06 11:05:12'),(1436441897,'Departure','Indigo','null','DOHA  Qatar','6E 1724','04:30:00','2022-06-07','04:30:00','OTD','I','On Time','','43','','null','null','213','333','null','null','null','null','null','null','2022-06-06 11:05:12'),(1436442390,'Arrival','Indigo','null','Delhi','6E 2015','21:15:00','2022-06-06','21:05:00','OTD','D','On Time','A5','','03','03','null','null','null','null','null','null','null','null','null','2022-06-06 11:05:12'),(1436442391,'Departure','Indigo','null','Delhi','6E 2053','23:10:00','2022-06-06','23:10:00','OTD','D','On Time','','6','','null','null','213','333','null','null','null','null','null','null','2022-06-06 11:05:12'),(1436442829,'Arrival','Indigo','null','Delhi','6E 2048','06:40:00','2022-06-06','08:20:00','ARR','D','Arrived','A7','','05','05','null','null','null','null','null','null','null','null','null','2022-06-06 11:05:12'),(1436442830,'Departure','Indigo','null','Delhi','6E 2186','07:45:00','2022-06-06','08:45:00','AIB','D','Departed','','5','','null','null','213','333','null','null','null','null','null','null','2022-06-06 11:05:12'),(1436443265,'Arrival','Indigo','null','Delhi','6E 2131','00:15:00','2022-06-07','00:05:00','OTD','D','On Time','A7','','07','07','null','null','null','null','null','null','null','null','null','2022-06-06 11:05:12'),(1436443266,'Departure','Indigo','null','Ahmedabad','6E 6779','01:40:00','2022-06-07','01:40:00','OTD','D','On Time','','28','','null','null','213','333','null','null','null','null','null','null','2022-06-06 11:05:12'),(1436443698,'Arrival','Indigo','null','Delhi','6E 2188','14:15:00','2022-06-06','15:19:00','ARR','D','Arrived','A5','','05','05','null','null','null','null','null','null','null','null','null','2022-06-06 11:05:12'),(1436443699,'Departure','Indigo','null','Delhi','6E 2514','14:55:00','2022-06-06','15:30:00','AIB','D','Departed','','15','','null','null','213','333','null','null','null','null','null','null','2022-06-06 11:05:12'),(1436444137,'Departure','Indigo','null','Delhi','6E 6991','00:45:00','2022-06-07','00:30:00','OTD','D','On Time','','','','null','null','213','333','null','null','null','null','null','null','2022-06-06 11:05:12'),(1436444573,'Arrival','Indigo','null','Delhi','6E 5036','05:15:00','2022-06-06','05:09:00','ARR','D','Arrived','A1','','04','04','null','null','null','null','null','null','null','null','null','2022-06-06 11:05:12'),(1436444574,'Departure','Indigo','null','Delhi','6E 5021','06:00:00','2022-06-06','06:00:00','AIB','D','Departed','','2','','null','null','213','333','null','null','null','null','null','null','2022-06-06 11:05:12'),(1436445007,'Arrival','Indigo','null','Surat','6E 5034','21:15:00','2022-06-06','21:05:00','OTD','D','On Time','A3','','07','07','null','null','null','null','null','null','null','null','null','2022-06-06 11:05:12'),(1436445442,'Departure','Indigo','null','Delhi','6E 5039','16:30:00','2022-06-06','16:30:00','GCL','D','Gate Closed','','14','','null','null','213','333','null','null','null','null','null','null','2022-06-06 11:05:12'),(1436445875,'Arrival','Indigo','null','Mumbai','6E 5252','20:45:00','2022-06-06','20:35:00','OTD','D','On Time','A7','','03','03','null','null','null','null','null','null','null','null','null','2022-06-06 11:05:12'),(1436445876,'Departure','Indigo','null','Mumbai','6E 6818','21:25:00','2022-06-06','21:25:00','OTD','D','On Time','','29','','null','null','213','333','null','null','null','null','null','null','2022-06-06 11:05:12'),(1436446309,'Departure','Indigo','null','Mumbai','6E 5286','06:00:00','2022-06-06','07:00:00','AIB','D','Departed','','8','','null','null','213','333','null','null','null','null','null','null','2022-06-06 11:05:12'),(1436446310,'Arrival','Indigo','null','Hyderabad','6E 6505','23:40:00','2022-06-06','23:30:00','OTD','D','On Time','A3','','07','07','null','null','null','null','null','null','null','null','null','2022-06-06 11:05:12'),(1436446742,'Arrival','Indigo','null','Mumbai','6E 5287','10:15:00','2022-06-06','11:38:00','ARR','D','Arrived','A5','','02','02','null','null','null','null','null','null','null','null','null','2022-06-06 11:05:12'),(1436446743,'Departure','Indigo','null','Chennai','6E 6212','11:10:00','2022-06-06','11:45:00','AIB','D','Departed','','5','','null','null','213','333','null','null','null','null','null','null','2022-06-06 11:05:12'),(1436447177,'Departure','Indigo','null','Mumbai','6E 5323','08:20:00','2022-06-06','08:20:00','AIB','D','Departed','','28','','null','null','213','333','null','null','null','null','null','null','2022-06-06 11:05:12'),(1436447610,'Arrival','Indigo','null','Mumbai','6E 5382','13:20:00','2022-06-06','13:47:00','ARR','D','Arrived','A5','','06','06','null','null','null','null','null','null','null','null','null','2022-06-06 11:05:12'),(1436447611,'Departure','Indigo','null','Mumbai','6E 5351','14:05:00','2022-06-06','14:15:00','AIB','D','Departed','','17','','null','null','213','333','null','null','null','null','null','null','2022-06-06 11:05:12'),(1436447976,'Departure','Indigo','null','Jammu','6E 6404','07:30:00','2022-06-06','07:30:00','AIB','D','Departed','','30','','null','null','213','333','null','null','null','null','null','null','2022-06-06 11:05:12'),(1436447977,'Arrival','Indigo','null','Mumbai','6E 5383','00:10:00','2022-06-07','00:00:00','OTD','D','On Time','A7','','06','06','null','null','null','null','null','null','null','null','null','2022-06-06 11:05:12'),(1436448349,'Arrival','Indigo','null','Chennai','6E 6137','09:55:00','2022-06-06','09:46:00','ARR','D','Arrived','A3','','04','04','null','null','null','null','null','null','null','null','null','2022-06-06 11:05:12'),(1436448350,'Departure','Indigo','null','Agra Kheria','6E 5916','10:35:00','2022-06-06','10:35:00','AIB','D','Departed','','6','','null','null','213','333','null','null','null','null','null','null','2022-06-06 11:05:12'),(1436448819,'Arrival','Indigo','null','Chennai','6E 6302','17:15:00','2022-06-06','17:05:00','OTD','D','On Time','A3','','03','03','null','null','null','null','null','null','null','null','null','2022-06-06 11:05:12'),(1436449235,'Arrival','Indigo','null','Ranchi','6E 6799','10:10:00','2022-06-06','10:40:00','ARR','D','Arrived','A7','','03','03','null','null','null','null','null','null','null','null','null','2022-06-06 11:05:12'),(1436449236,'Departure','Indigo','null','Jodhpur','6E 6032','10:45:00','2022-06-06','10:45:00','AIB','D','Departed','','14','','null','null','213','333','null','null','null','null','null','null','2022-06-06 11:05:12'),(1436449627,'Arrival','Indigo','null','Kanpur','6E 6476','15:00:00','2022-06-06','15:15:00','ARR','D','Arrived','A3','','03','03','null','null','null','null','null','null','null','null','null','2022-06-06 11:05:12'),(1436449628,'Departure','Indigo','null','Hyderabad','6E 6067','15:45:00','2022-06-06','15:45:00','AIB','D','Departed','','5','','null','null','213','333','null','null','null','null','null','null','2022-06-06 11:05:12'),(1436450061,'Arrival','Indigo','null','Dehradun','6E 6136','16:40:00','2022-06-06','17:36:00','DLY','D','Delayed','A5','','07','07','null','null','null','null','null','null','null','null','null','2022-06-06 11:05:12'),(1436450062,'Departure','Indigo','null','Coimbatore','6E 6875','18:25:00','2022-06-06','18:25:00','SEC','D','Security','','9','','null','null','213','333','null','null','null','null','null','null','2022-06-06 11:05:12'),(1436450495,'Arrival','Indigo','null','Patna','6E 6162','14:20:00','2022-06-06','14:10:00','ARR','D','Arrived','A3','','04','04','null','null','null','null','null','null','null','null','null','2022-06-06 11:05:12'),(1436450496,'Departure','Indigo','null','Coimbatore','6E 6992','15:05:00','2022-06-06','15:05:00','AIB','D','Departed','','14','','null','null','213','333','null','null','null','null','null','null','2022-06-06 11:05:12'),(1436450929,'Arrival','Indigo','null','Mumbai','6E 6221','18:50:00','2022-06-06','18:40:00','OTD','D','On Time','A7','','06','06','null','null','null','null','null','null','null','null','null','2022-06-06 11:05:12'),(1436450930,'Departure','Indigo','null','Mumbai','6E 6223','19:35:00','2022-06-06','19:35:00','OTD','D','On Time','','30','','null','null','213','333','null','null','null','null','null','null','2022-06-06 11:05:12'),(1436451362,'Departure','Indigo','null','Nagpur','6E 6802','06:20:00','2022-06-06','06:20:00','AIB','D','Departed','','9','','null','null','213','333','null','null','null','null','null','null','2022-06-06 11:05:12'),(1436451363,'Arrival','Indigo','null','Chennai','6E 6225','22:35:00','2022-06-06','22:25:00','OTD','D','On Time','A5','','03','03','null','null','null','null','null','null','null','null','null','2022-06-06 11:05:12'),(1436451797,'Departure','Indigo','null','Delhi','6E 6247','04:40:00','2022-06-06','04:40:00','AIB','D','Departed','','6','','null','null','213','333','null','null','null','null','null','null','2022-06-06 11:05:12'),(1436451798,'Arrival','Indigo','null','Delhi','6E 6565','01:45:00','2022-06-07','01:35:00','OTD','D','On Time','A7','','06','06','null','null','null','null','null','null','null','null','null','2022-06-06 11:05:12'),(1436452230,'Arrival','Indigo','null','Mumbai','6E 6478','11:35:00','2022-06-06','11:43:00','ARR','D','Arrived','A5','','06','06','null','null','null','null','null','null','null','null','null','2022-06-06 11:05:12'),(1436452231,'Departure','Indigo','null','Mumbai','6E 6258','12:20:00','2022-06-06','12:20:00','AIB','D','Departed','','9','','null','null','213','333','null','null','null','null','null','null','2022-06-06 11:05:12'),(1436452666,'Departure','Indigo','null','Lucknow','6E 6353','06:05:00','2022-06-06','06:05:00','AIB','D','Departed','','12','','null','null','213','333','null','null','null','null','null','null','2022-06-06 11:05:12'),(1436452667,'Arrival','Indigo','null','Mumbai','6E 6819','01:55:00','2022-06-07','01:45:00','OTD','D','On Time','','','05','05','null','null','null','null','null','null','null','null','null','2022-06-06 11:05:12'),(1436453100,'Arrival','Indigo','null','Ahmedabad','6E 6422','06:50:00','2022-06-06','06:50:00','ARR','D','Arrived','A7','','06','06','null','null','null','null','null','null','null','null','null','2022-06-06 11:05:12'),(1436453101,'Departure','Indigo','null','Kochi','6E 6445','07:55:00','2022-06-06','07:55:00','AIB','D','Departed','','7','','null','null','213','333','null','null','null','null','null','null','2022-06-06 11:05:12'),(1436453534,'Arrival','Indigo','null','Kolkata','6E 6438','06:55:00','2022-06-06','07:01:00','ARR','D','Arrived','A1','','03','03','null','null','null','null','null','null','null','null','null','2022-06-06 11:05:12'),(1436453535,'Departure','Indigo','null','Kolkata','6E 6439','07:45:00','2022-06-06','07:45:00','AIB','D','Departed','','2','','null','null','213','333','null','null','null','null','null','null','2022-06-06 11:05:12'),(1436453970,'Arrival','Indigo','null','Patna','6E 6652','08:45:00','2022-06-06','09:19:00','ARR','D','Arrived','A5','','03','03','null','null','null','null','null','null','null','null','null','2022-06-06 11:05:12'),(1436453971,'Departure','Indigo','null','Kanpur','6E 6477','09:45:00','2022-06-06','09:45:00','AIB','D','Departed','','6','','null','null','213','333','null','null','null','null','null','null','2022-06-06 11:05:12'),(1436454271,'Arrival','Indigo','null','Kochi','6E 6482','10:45:00','2022-06-06','10:52:00','ARR','D','Arrived','A5','','07','07','null','null','null','null','null','null','null','null','null','2022-06-06 11:05:12'),(1436454272,'Departure','Indigo','null','Ahmedabad','6E 6595','12:20:00','2022-06-06','12:20:00','AIB','D','Departed','','14','','null','null','213','333','null','null','null','null','null','null','2022-06-06 11:05:12'),(1436454667,'Departure','Indigo','null','Durgapur','6E 6501','09:40:00','2022-06-06','09:40:00','AIB','D','Departed','','7','','null','null','213','333','null','null','null','null','null','null','2022-06-06 11:05:12'),(1436455102,'Arrival','Indigo','null','Durgapur','6E 6502','15:15:00','2022-06-06','15:23:00','ARR','D','Arrived','A1','','01','01','null','null','null','null','null','null','null','null','null','2022-06-06 11:05:12'),(1436455103,'Departure','Indigo','null','Thiruvananthapuram','6E 6502','15:55:00','2022-06-06','15:55:00','AIB','D','Departed','','2','','null','null','213','333','null','null','null','null','null','null','2022-06-06 11:05:12'),(1436455599,'Arrival','Indigo','null','Rajkot','6E 6508','16:35:00','2022-06-06','16:40:00','LAN','D','Landed','A5','','04','04','null','null','null','null','null','null','null','null','null','2022-06-06 11:05:12'),(1436455600,'Departure','Indigo','null','Thiruvananthapuram','6E 6643','19:35:00','2022-06-06','19:35:00','OTD','D','On Time','','1','','null','null','213','333','null','null','null','null','null','null','2022-06-06 11:05:12'),(1436456034,'Departure','Indigo','null','Ranchi','6E 6798','17:45:00','2022-06-06','17:45:00','SEC','D','Security','','15','','null','null','213','333','null','null','null','null','null','null','2022-06-06 11:05:12'),(1436456467,'Arrival','Indigo','null','Nagpur','6E 6754','18:00:00','2022-06-06','17:50:00','OTD','D','On Time','A5','','06','06','null','null','null','null','null','null','null','null','null','2022-06-06 11:05:12'),(1436456468,'Departure','Indigo','null','Guwahati','6E 6541','18:50:00','2022-06-06','18:50:00','SEC','D','Security','','8','','null','null','213','333','null','null','null','null','null','null','2022-06-06 11:05:12'),(1436456901,'Arrival','Indigo','null','Guwahati','6E 6542','08:20:00','2022-06-06','08:25:00','CNL','D','Cancelled','','','','null','null','null','null','null','null','null','null','null','null','2022-06-06 11:05:12'),(1436456902,'Departure','Indigo','null','Surat','6E 6545','08:50:00','2022-06-06','08:50:00','AIB','D','Departed','','8','','null','null','213','333','null','null','null','null','null','null','2022-06-06 11:05:12'),(1436457335,'Arrival','Indigo','null','Surat','6E 6546','13:30:00','2022-06-06','13:09:00','ARR','D','Arrived','A5','','01','01','null','null','null','null','null','null','null','null','null','2022-06-06 11:05:12'),(1436457336,'Departure','Indigo','null','Nagpur','6E 6753','14:10:00','2022-06-06','14:10:00','AIB','D','Departed','','1','','null','null','213','333','null','null','null','null','null','null','2022-06-06 11:05:12'),(1436457750,'Arrival','Indigo','null','Kochi','6E 6676','19:00:00','2022-06-06','18:50:00','OTD','D','On Time','A1','','07','07','null','null','null','null','null','null','null','null','null','2022-06-06 11:05:12'),(1436457751,'Departure','Indigo','null','Kochi','6E 6787','19:40:00','2022-06-06','19:40:00','OTD','D','On Time','','29','','null','null','213','333','null','null','null','null','null','null','2022-06-06 11:05:12'),(1436458072,'Departure','Indigo','null','Chennai','6E 6825','08:05:00','2022-06-06','08:05:00','AIB','D','Departed','','6','','null','null','213','333','null','null','null','null','null','null','2022-06-06 11:05:12'),(1436458360,'Arrival','Indigo','null','Chandigarh','6E 6882','17:05:00','2022-06-06','16:55:00','OTD','D','On Time','A5','','06','06','null','null','null','null','null','null','null','null','null','2022-06-06 11:05:12'),(1436458361,'Departure','Indigo','null','Chandigarh','6E 6881','19:05:00','2022-06-06','19:05:00','SEC','D','Security','','5','','null','null','213','333','null','null','null','null','null','null','2022-06-06 11:05:12'),(1436458794,'Arrival','Indigo','null','Chennai','6E 6892','12:10:00','2022-06-06','12:16:00','ARR','D','Arrived','A1','','02','02','null','null','null','null','null','null','null','null','null','2022-06-06 11:05:12'),(1436458795,'Departure','Indigo','null','Shirdi','6E 6892','12:45:00','2022-06-06','12:45:00','AIB','D','Departed','','1','','null','null','213','333','null','null','null','null','null','null','2022-06-06 11:05:12'),(1436459229,'Arrival','Indigo','null','Tiruchirappalli','6E 7245','10:25:00','2022-06-06','10:43:00','ARR','D','Arrived','A5','','06','06','null','null','null','null','null','null','null','null','null','2022-06-06 11:05:12'),(1436459230,'Departure','Indigo','null','Vijayawada','6E 7071','11:05:00','2022-06-06','11:05:00','AIB','D','Departed','','4','','null','null','213','333','null','null','null','null','null','null','2022-06-06 11:05:12'),(1436459668,'Arrival','Indigo','null','Vijayawada','6E 7072','14:40:00','2022-06-06','14:54:00','ARR','D','Arrived','A7','','04','04','null','null','null','null','null','null','null','null','null','2022-06-06 11:05:12'),(1436459669,'Departure','Indigo','null','Belgaum','6E 7285','17:05:00','2022-06-06','17:05:00','SEC','D','Security','','4','','null','null','213','333','null','null','null','null','null','null','2022-06-06 11:05:12'),(1436460102,'Departure','Indigo','null','Rajahmundry','6E 7107','06:35:00','2022-06-06','06:35:00','AIB','D','Departed','','7','','null','null','213','333','null','null','null','null','null','null','2022-06-06 11:05:12'),(1436460103,'Arrival','Indigo','null','Rajahmundry','6E 7232','22:00:00','2022-06-06','21:50:00','OTD','D','On Time','A5','','03','03','null','null','null','null','null','null','null','null','null','2022-06-06 11:05:12'),(1436460536,'Arrival','Indigo','null','Rajahmundry','6E 7113','10:50:00','2022-06-06','10:47:00','ARR','D','Arrived','A5','','05','05','null','null','null','null','null','null','null','null','null','2022-06-06 11:05:12'),(1436460537,'Departure','Indigo','null','Kannur','6E 7265','11:20:00','2022-06-06','11:20:00','AIB','D','Departed','','9','','null','null','213','333','null','null','null','null','null','null','2022-06-06 11:05:12'),(1436460969,'Departure','Indigo','null','Vijayawada','6E 7204','06:45:00','2022-06-06','06:45:00','AIB','D','Departed','','3','','null','null','213','333','null','null','null','null','null','null','2022-06-06 11:05:12'),(1436460970,'Arrival','Indigo','null','Vijayawada','6E 7133','23:05:00','2022-06-06','22:55:00','OTD','D','On Time','A7','','04','04','null','null','null','null','null','null','null','null','null','2022-06-06 11:05:12'),(1436461405,'Arrival','Indigo','null','Vijayawada','6E 7224','18:30:00','2022-06-06','18:20:00','OTD','D','On Time','A5','','04','04','null','null','null','null','null','null','null','null','null','2022-06-06 11:05:12'),(1436461406,'Departure','Indigo','null','Vijayawada','6E 7134','19:00:00','2022-06-06','19:00:00','SEC','D','Security','','7','','null','null','213','333','null','null','null','null','null','null','2022-06-06 11:05:12'),(1436461838,'Departure','Indigo','null','Madurai','6E 7171','06:55:00','2022-06-06','06:55:00','AIB','D','Departed','','6','','null','null','213','333','null','null','null','null','null','null','2022-06-06 11:05:12'),(1436461839,'Arrival','Indigo','null','Hubballi','6E 7161','23:05:00','2022-06-06','22:55:00','OTD','D','On Time','A5','','06','06','null','null','null','null','null','null','null','null','null','2022-06-06 11:05:12'),(1436462272,'Arrival','Indigo','null','Tirupati','6E 7258','17:35:00','2022-06-06','17:25:00','OTD','D','On Time','A3','','07','07','null','null','null','null','null','null','null','null','null','2022-06-06 11:05:12'),(1436462273,'Departure','Indigo','null','Hubballi','6E 7162','17:15:00','2022-06-06','17:15:00','SEC','D','Security','','3','','null','null','213','333','null','null','null','null','null','null','2022-06-06 11:05:12'),(1436462706,'Arrival','Indigo','null','Madurai','6E 7219','20:20:00','2022-06-06','20:10:00','OTD','D','On Time','A7','','06','06','null','null','null','null','null','null','null','null','null','2022-06-06 11:05:12'),(1436462707,'Departure','Indigo','null','Tiruchirappalli','6E 7165','20:50:00','2022-06-06','20:50:00','OTD','D','On Time','','8','','null','null','213','333','null','null','null','null','null','null','2022-06-06 11:05:12'),(1436463139,'Departure','Indigo','null','Kurnool','6E 7911','09:25:00','2022-06-06','09:25:00','AIB','D','Departed','','3','','null','null','213','333','null','null','null','null','null','null','2022-06-06 11:05:12'),(1436463140,'Arrival','Indigo','null','Tiruchirappalli','6E 7166','23:35:00','2022-06-06','23:25:00','OTD','D','On Time','A3','','06','06','null','null','null','null','null','null','null','null','null','2022-06-06 11:05:12'),(1436463760,'Arrival','Indigo','null','Madurai','6E 7172','10:10:00','2022-06-06','10:22:00','ARR','D','Arrived','A5','','05','05','null','null','null','null','null','null','null','null','null','2022-06-06 11:05:12'),(1436463761,'Departure','Indigo','null','Tirupati','6E 7257','10:45:00','2022-06-06','10:45:00','AIB','D','Departed','','7','','null','null','213','333','null','null','null','null','null','null','2022-06-06 11:05:12'),(1436464194,'Arrival','Indigo','null','Hubballi','6E 7233','12:40:00','2022-06-06','12:34:00','ARR','D','Arrived','A5','','01','01','null','null','null','null','null','null','null','null','null','2022-06-06 11:05:12'),(1436464195,'Departure','Indigo','null','Tuticorin','6E 7181','13:00:00','2022-06-06','13:00:00','AIB','D','Departed','','6','','null','null','213','333','null','null','null','null','null','null','2022-06-06 11:05:12'),(1436464628,'Arrival','Indigo','null','Tuticorin','6E 7182','16:20:00','2022-06-06','16:48:00','LAN','D','Landed','A3','','02','02','null','null','null','null','null','null','null','null','null','2022-06-06 11:05:12'),(1436464629,'Departure','Indigo','null','Mangalore','6E 7295','21:00:00','2022-06-06','21:00:00','OTD','D','On Time','','5','','null','null','213','333','null','null','null','null','null','null','2022-06-06 11:05:12'),(1436465002,'Arrival','Indigo','null','Kannur','6E 7202','14:45:00','2022-06-06','14:41:00','ARR','D','Arrived','A3','','03','03','null','null','null','null','null','null','null','null','null','2022-06-06 11:05:12'),(1436465003,'Departure','Indigo','null','Rajahmundry','6E 7231','15:10:00','2022-06-06','15:10:00','AIB','D','Departed','','9','','null','null','213','333','null','null','null','null','null','null','2022-06-06 11:05:12'),(1436465310,'Arrival','Indigo','null','Vijayawada','6E 7203','10:20:00','2022-06-06','10:15:00','ARR','D','Arrived','A3','','06','06','null','null','null','null','null','null','null','null','null','2022-06-06 11:05:12'),(1436465311,'Departure','Indigo','null','Madurai','6E 7203','11:05:00','2022-06-06','11:05:00','AIB','D','Departed','','3','','null','null','213','333','null','null','null','null','null','null','2022-06-06 11:05:12'),(1436465685,'Arrival','Indigo','null','Kurnool','6E 7914','16:05:00','2022-06-06','16:33:00','ARR','D','Arrived','A7','','01','01','null','null','null','null','null','null','null','null','null','2022-06-06 11:05:12'),(1436465686,'Departure','Indigo','null','Madurai','6E 7218','16:55:00','2022-06-06','16:55:00','LCL','D','Final Call','','5','','null','null','213','333','null','null','null','null','null','null','2022-06-06 11:05:12'),(1436465993,'Arrival','Indigo','null','Madurai','6E 7223','14:15:00','2022-06-06','14:22:00','ARR','D','Arrived','A7','','07','07','null','null','null','null','null','null','null','null','null','2022-06-06 11:05:12'),(1436465994,'Departure','Indigo','null','Vijayawada','6E 7223','15:00:00','2022-06-06','15:00:00','AIB','D','Departed','','3','','null','null','213','333','null','null','null','null','null','null','2022-06-06 11:05:12'),(1436466427,'Departure','Indigo','null','Hubballi','6E 7227','06:15:00','2022-06-06','06:15:00','AIB','D','Departed','','3','','null','null','213','333','null','null','null','null','null','null','2022-06-06 11:05:12'),(1436466428,'Arrival','Indigo','null','Mangalore','6E 7296','00:15:00','2022-06-07','00:05:00','OTD','D','On Time','A3','','04','04','null','null','null','null','null','null','null','null','null','2022-06-06 11:05:12'),(1436466861,'Departure','Indigo','null','Tiruchirappalli','6E 7236','07:35:00','2022-06-06','07:35:00','AIB','D','Departed','','5','','null','null','213','333','null','null','null','null','null','null','2022-06-06 11:05:12'),(1436466862,'Arrival','Indigo','null','Kozhikode','6E 7362','21:15:00','2022-06-06','21:05:00','OTD','D','On Time','A5','','01','01','null','null','null','null','null','null','null','null','null','2022-06-06 11:05:12'),(1436467293,'Arrival','Indigo','null','Belgaum','6E 7286','20:30:00','2022-06-06','20:20:00','OTD','D','On Time','A3','','05','05','null','null','null','null','null','null','null','null','null','2022-06-06 11:05:12'),(1436467294,'Departure','Indigo','null','Kozhikode','6E 7361','18:05:00','2022-06-06','18:05:00','SEC','D','Security','','4','','null','null','213','333','null','null','null','null','null','null','2022-06-06 11:05:12'),(1437364921,'Arrival','British Airways','null','London - Heathrow','BA 119','04:45:00','2022-06-06','05:34:00','ARR','I','Arrived','38','','09A','09A','09B','null','null','null','null','null','null','null','null','2022-06-06 11:05:12'),(1437364922,'Departure','British Airways','null','London - Heathrow','BA 118','06:55:00','2022-06-06','06:55:00','AIB','I','Departed','','38','','null','null','null','null','null','null','null','null','null','null','2022-06-06 11:05:12'),(1437367976,'Departure','Lufthansa','null','Frankfurt','LH 755','03:05:00','2022-06-06','03:35:00','AIB','I','Departed','','41','','null','null','null','null','null','null','null','null','null','null','2022-06-06 09:30:12'),(1437367977,'Arrival','Lufthansa','null','Frankfurt','LH 754','01:25:00','2022-06-07','01:24:00','OTD','I','On Time','40','','10A','10A','null','null','null','null','null','null','null','null','null','2022-06-06 11:05:12'),(1437367978,'Departure','Lufthansa','null','Frankfurt','LH 755','03:05:00','2022-06-07','03:05:00','OTD','I','On Time','','40','','null','null','null','null','null','null','null','null','null','null','2022-06-06 11:05:12'),(1437368998,'Arrival','Ethiopian Airlines','null','Addis Ababa','ET 690','07:10:00','2022-06-06','07:45:00','ARR','I','Arrived','42','','08A','08A','null','null','null','null','null','null','null','null','null','2022-06-06 11:05:12'),(1437368999,'Departure','Ethiopian Airlines','null','Addis Ababa','ET 691','02:30:00','2022-06-07','02:30:00','OTD','I','On Time','','42','','null','null','null','null','null','null','null','null','null','null','2022-06-06 11:05:12'),(1437369660,'Arrival','Malaysia Airlines','null','Kuala Lumpur','MH 192','23:40:00','2022-06-06','23:30:00','OTD','I','On Time','31','','09B','09B','null','null','null','null','null','null','null','null','null','2022-06-06 11:05:12'),(1437369661,'Departure','Malaysia Airlines','null','Kuala Lumpur','MH 193','00:35:00','2022-06-07','00:35:00','OTD','I','On Time','','31','','null','null','null','null','null','null','null','null','null','null','2022-06-06 11:05:12'),(1437370010,'Arrival','Oman Air','null','Muscat Oman','WY 281','07:40:00','2022-06-06','07:36:00','ARR','I','Arrived','36','','09A','09A','null','null','null','null','null','null','null','null','null','2022-06-06 11:05:12'),(1437370011,'Departure','Oman Air','null','Muscat Oman','WY 282','10:10:00','2022-06-06','10:10:00','AIB','I','Departed','','36','','null','null','null','null','null','null','null','null','null','null','2022-06-06 11:05:12'),(1437370880,'Arrival','Qatar Airways','null','DOHA  Qatar','QR 572','02:25:00','2022-06-06','02:46:00','ARR','I','Arrived','34','','09A','09A','null','null','null','null','null','null','null','null','null','2022-06-06 08:50:12'),(1437370881,'Departure','Qatar Airways','null','DOHA  Qatar','QR 573','03:55:00','2022-06-06','03:55:00','AIB','I','Departed','','34','','null','null','null','null','null','null','null','null','null','null','2022-06-06 10:20:12'),(1437370882,'Arrival','Qatar Airways','null','DOHA  Qatar','QR 572','02:25:00','2022-06-07','02:15:00','OTD','I','On Time','38','','08A','08A','null','null','null','null','null','null','null','null','null','2022-06-06 11:05:12'),(1437370883,'Departure','Qatar Airways','null','DOHA  Qatar','QR 573','03:55:00','2022-06-07','03:55:00','OTD','I','On Time','','38','','null','null','null','null','null','null','null','null','null','null','2022-06-06 11:05:12'),(1437371510,'Arrival','Singapore Airlines','null','Singapore','SQ 510','21:50:00','2022-06-06','23:25:00','RES','I','Rescheduled','36','','10B','10B','null','null','null','null','null','null','null','null','null','2022-06-06 11:05:12'),(1437371511,'Departure','Singapore Airlines','null','Singapore','SQ 511','23:05:00','2022-06-06','00:45:00','RES','I','Rescheduled','','36','','null','null','null','null','null','null','null','null','null','null','2022-06-06 11:05:12'),(1437372431,'Arrival','Emirates','null','Dubai','EK 564','08:55:00','2022-06-06','09:04:00','ARR','I','Arrived','38','','10A','10A','null','null','null','null','null','null','null','null','null','2022-06-06 11:05:12'),(1437372432,'Departure','Emirates','null','Dubai','EK 565','10:35:00','2022-06-06','10:35:00','AIB','I','Departed','','38','','null','null','null','null','null','null','null','null','null','null','2022-06-06 11:05:12'),(1437372855,'Arrival','Emirates','null','Dubai','EK 566','19:20:00','2022-06-06','18:54:00','OTD','I','On Time','38','','10A','10A','null','null','null','null','null','null','null','null','null','2022-06-06 11:05:12'),(1437372856,'Departure','Emirates','null','Dubai','EK 567','20:50:00','2022-06-06','20:50:00','OTD','I','On Time','','38','','null','null','C79','C86','null','null','null','null','null','null','2022-06-06 11:05:12'),(1437373287,'Arrival','Emirates','null','Dubai','EK 568','03:00:00','2022-06-06','02:59:00','ARR','I','Arrived','38','','10A','10A','null','null','null','null','null','null','null','null','null','2022-06-06 09:20:12'),(1437373288,'Departure','Emirates','null','Dubai','EK 569','04:30:00','2022-06-06','04:30:00','AIB','I','Departed','','38','','null','null','null','null','null','null','null','null','null','null','2022-06-06 10:55:12'),(1437373289,'Arrival','Emirates','null','Dubai','EK 568','03:00:00','2022-06-07','02:50:00','OTD','I','On Time','34','','10A','10A','null','null','null','null','null','null','null','null','null','2022-06-06 11:05:12'),(1437373290,'Departure','Emirates','null','Dubai','EK 569','04:30:00','2022-06-07','04:30:00','OTD','I','On Time','','34','','null','null','null','null','null','null','null','null','null','null','2022-06-06 11:05:12'),(1437892392,'Arrival','Air Arabia','null','Sharjah','G9 496','03:50:00','2022-06-06','04:11:00','ARR','I','Arrived','33','','09B','09B','null','null','null','null','null','null','null','null','null','2022-06-06 10:15:12'),(1437892393,'Departure','Air Arabia','null','Sharjah','G9 497','04:30:00','2022-06-06','04:30:00','AIB','I','Departed','','33','','null','null','null','null','null','null','null','null','null','null','2022-06-06 10:55:12'),(1437892394,'Arrival','Air Arabia','null','Sharjah','G9 496','03:50:00','2022-06-07','03:40:00','OTD','I','On Time','41','','10B','10B','null','null','null','null','null','null','null','null','null','2022-06-06 11:05:12'),(1437892395,'Departure','Air Arabia','null','Sharjah','G9 497','04:30:00','2022-06-07','04:30:00','OTD','I','On Time','','41','','null','null','null','null','null','null','null','null','null','null','2022-06-06 11:05:12'),(1437892779,'Arrival','Air France','null','Paris','AF 194','23:30:00','2022-06-06','23:27:00','OTD','I','On Time','38','','08A','08A','null','null','null','null','null','null','null','null','null','2022-06-06 11:05:12'),(1437892780,'Departure','Air France','null','Paris','AF 191','01:20:00','2022-06-07','01:20:00','OTD','I','On Time','','38','','null','null','null','null','null','null','null','null','null','null','2022-06-06 11:05:12'),(1437893074,'Arrival','Thai Airasia','null','Bangkok','FD 137','22:40:00','2022-06-06','22:30:00','OTD','I','On Time','33','','10A','10A','null','null','null','null','null','null','null','null','null','2022-06-06 11:05:12'),(1437893075,'Departure','Thai Airasia','null','Bangkok','FD 138','23:20:00','2022-06-06','23:20:00','OTD','I','On Time','','33','','null','null','null','null','null','null','null','null','null','null','2022-06-06 11:05:12'),(1437893901,'Arrival','Srilankan Airlines','null','Colombo','UL 173','02:30:00','2022-06-06','02:27:00','ARR','I','Arrived','37','','07','07','null','null','null','null','null','null','null','null','null','2022-06-06 08:50:12'),(1437893902,'Departure','Srilankan Airlines','null','Colombo','UL 174','03:30:00','2022-06-06','03:30:00','AIB','I','Departed','','37','','null','null','null','null','null','null','null','null','null','null','2022-06-06 09:50:12'),(1437893903,'Arrival','Srilankan Airlines','null','Colombo','UL 173','02:30:00','2022-06-07','02:20:00','OTD','I','On Time','33','','09A','09A','null','null','null','null','null','null','null','null','null','2022-06-06 11:05:12'),(1437893904,'Departure','Srilankan Airlines','null','Colombo','UL 174','03:30:00','2022-06-07','03:30:00','OTD','I','On Time','','33','','null','null','null','null','null','null','null','null','null','null','2022-06-06 11:05:12'),(1437894213,'Arrival','Air India Express','null','Muscat Oman','IX 818','15:15:00','2022-06-06','15:21:00','ARR','I','Arrived','40','','09A','09A','null','null','null','null','null','null','null','null','null','2022-06-06 11:05:12'),(1437894214,'Departure','Air India Express','null','Mangalore','IX 818','16:00:00','2022-06-06','16:20:00','DEP','D','Departed','','','','null','null','null','null','null','null','null','null','null','null','2022-06-06 11:05:12'),(1437894313,'Arrival','Air Asia','null','Kuala Lumpur','AK 053','22:45:00','2022-06-06','23:45:00','DLY','I','Delayed','33','','08B','08B','null','null','null','null','null','null','null','null','null','2022-06-06 11:05:12'),(1437894314,'Departure','Air Asia','null','Kuala Lumpur','AK 052','23:25:00','2022-06-06','23:25:00','OTD','I','On Time','','33','','null','null','B59','B62','null','null','null','null','null','null','2022-06-06 11:05:12'),(1437894835,'Arrival','Etihad Airways','null','Abu Dhabi','EY 216','03:20:00','2022-06-06','03:36:00','ARR','I','Arrived','36','','08B','08B','null','null','null','null','null','null','null','null','null','2022-06-06 09:45:12'),(1437894836,'Departure','Etihad Airways','null','Abu Dhabi','EY 217','04:40:00','2022-06-06','04:40:00','AIB','I','Departed','','36','','null','null','null','null','null','null','null','null','null','null','2022-06-06 11:05:12'),(1437894837,'Arrival','Etihad Airways','null','Abu Dhabi','EY 216','03:20:00','2022-06-07','03:10:00','OTD','I','On Time','36','','09B','09B','null','null','null','null','null','null','null','null','null','2022-06-06 11:05:12'),(1437895199,'Arrival','Etihad Airways','null','Abu Dhabi','EY 236','19:30:00','2022-06-06','19:20:00','OTD','I','On Time','35','','08A','08A','null','null','null','null','null','null','null','null','null','2022-06-06 11:05:12'),(1437895200,'Departure','Etihad Airways','null','Abu Dhabi','EY 237','20:50:00','2022-06-06','20:50:00','OTD','I','On Time','','35','','null','null','105','109','null','null','null','null','null','null','2022-06-06 11:05:12'),(1437895717,'Arrival','Gulf Air','null','Bahrain','GF 282','03:55:00','2022-06-06','04:00:00','ARR','I','Arrived','32','','07','07','null','null','null','null','null','null','null','null','null','2022-06-06 10:20:12'),(1437895718,'Departure','Gulf Air','null','Bahrain','GF 283','04:45:00','2022-06-06','04:45:00','AIB','I','Departed','','31','','null','null','null','null','null','null','null','null','null','null','2022-06-06 11:05:12'),(1437895719,'Arrival','Gulf Air','null','Bahrain','GF 282','03:55:00','2022-06-07','03:45:00','OTD','I','On Time','40','','09A','09A','null','null','null','null','null','null','null','null','null','2022-06-06 11:05:12'),(1437897195,'Arrival','Thai Airways','null','Bangkok','TG 325','23:25:00','2022-06-06','23:15:00','OTD','I','On Time','41','','09A','09A','null','null','null','null','null','null','null','null','null','2022-06-06 11:05:12'),(1437897196,'Departure','Thai Airways','null','Bangkok','TG 326','00:30:00','2022-06-07','00:30:00','OTD','I','On Time','','40','','null','null','null','null','null','null','null','null','null','null','2022-06-06 11:05:12'),(1438237046,'Departure','Indigo','null','Prayagraj','6E 5376','12:25:00','2022-06-06','13:00:00','AIB','D','Departed','','8','','null','null','213','333','null','null','null','null','null','null','2022-06-06 11:05:12'),(1438237261,'Arrival','Indigo','null','Prayagraj','6E 5379','18:00:00','2022-06-06','17:50:00','OTD','D','On Time','A5','','02','02','null','null','null','null','null','null','null','null','null','2022-06-06 11:05:12'),(1438240371,'Departure','Alliance Air','null','Kochi','9I 521','18:30:00','2022-06-06','18:30:00','SEC','D','Security','','24','','null','null','B69','B70','null','null','null','null','null','null','2022-06-06 11:05:12'),(1438240587,'Arrival','Alliance Air','null','Kochi','9I 522','21:55:00','2022-06-06','21:45:00','OTD','D','On Time','A7','','02','02','null','null','null','null','null','null','null','null','null','2022-06-06 11:05:12'),(1440148135,'Departure','Indigo','null','Dehradun','6E 6312','05:20:00','2022-06-06','05:20:00','AIB','D','Departed','','5','','null','null','213','333','null','null','null','null','null','null','2022-06-06 11:05:12'),(1440148334,'Arrival','Indigo','null','Dehradun','6E 6316','11:25:00','2022-06-06','11:46:00','ARR','D','Arrived','A3','','07','07','null','null','null','null','null','null','null','null','null','2022-06-06 11:05:12'),(1440148532,'Departure','Indigo','null','Indore','6E 6317','18:25:00','2022-06-06','18:25:00','SEC','D','Security','','3','','null','null','213','333','null','null','null','null','null','null','2022-06-06 11:05:12'),(1440148731,'Arrival','Indigo','null','Indore','6E 6318','22:40:00','2022-06-06','22:30:00','OTD','D','On Time','A5','','02','02','null','null','null','null','null','null','null','null','null','2022-06-06 11:05:12'),(1440544199,'Departure','Spicejet','null','Delhi','SG 536','21:50:00','2022-06-06','21:50:00','OTD','D','On Time','','12','','null','null','101','104','null','null','null','null','null','null','2022-06-06 11:05:12'),(1440544386,'Arrival','Spicejet','null','Delhi','SG 537','22:30:00','2022-06-06','22:20:00','OTD','D','On Time','A1','','07','07','null','null','null','null','null','null','null','null','null','2022-06-06 11:05:12'),(1440692215,'Arrival','Indigo','null','Thiruvananthapuram','6E 6231','14:35:00','2022-06-06','15:09:00','ARR','D','Arrived','A3','','07','07','null','null','null','null','null','null','null','null','null','2022-06-06 11:05:12'),(1440695166,'Departure','Vistara','null','Coimbatore','UK 511','07:10:00','2022-06-06','07:10:00','AIB','D','Departed','','20','','null','null','A43','A50','null','null','null','null','null','null','2022-06-06 11:05:12'),(1440695167,'Arrival','Vistara','null','Coimbatore','UK 514','21:40:00','2022-06-06','21:40:00','OTD','D','On Time','A3','','07','07','null','null','null','null','null','null','null','null','null','2022-06-06 11:05:12'),(1440695479,'Arrival','Vistara','null','Coimbatore','UK 512','09:20:00','2022-06-06','09:16:00','ARR','D','Arrived','A5','','07','07','null','null','null','null','null','null','null','null','null','2022-06-06 11:05:12'),(1440750990,'Departure','Vistara','null','Coimbatore','UK 513','19:25:00','2022-06-06','19:25:00','OTD','D','On Time','','14','','null','null','A43','A50','null','null','null','null','null','null','2022-06-06 11:05:12'),(1440845856,'Arrival','Indigo','null','Delhi','6E 2532','23:00:00','2022-06-06','22:50:00','OTD','D','On Time','A7','','03','03','null','null','null','null','null','null','null','null','null','2022-06-06 11:05:12'),(1441457637,'Departure','Indigo','null','Delhi','6E 6020','22:00:00','2022-06-06','22:00:00','OTD','D','On Time','','5','','null','null','213','333','null','null','null','null','null','null','2022-06-06 11:05:12'),(1441580676,'Departure','Vistara','null','Indore','UK 915','17:30:00','2022-06-06','17:30:00','SEC','D','Security','','12','','null','null','A43','A50','null','null','null','null','null','null','2022-06-06 11:05:12'),(1441580868,'Arrival','Vistara','null','Indore','UK 916','21:55:00','2022-06-06','21:40:00','OTD','D','On Time','A7','','04','04','null','null','null','null','null','null','null','null','null','2022-06-06 11:05:12'),(1441908208,'Arrival','Indigo','null','Delhi','6E 5186','15:35:00','2022-06-06','15:48:00','ARR','D','Arrived','A3','','06','06','null','null','null','null','null','null','null','null','null','2022-06-06 11:05:12'),(1446196492,'Arrival','Indigo','null','Kolkata','6E 764','11:10:00','2022-06-06','11:16:00','ARR','D','Arrived','A5','','07','07','null','null','null','null','null','null','null','null','null','2022-06-06 11:05:12'),(1446196657,'Arrival','Indigo','null','Nagpur','6E 6874','21:45:00','2022-06-06','21:35:00','OTD','D','On Time','A3','','03','03','null','null','null','null','null','null','null','null','null','2022-06-06 11:05:12'),(1446196812,'Arrival','Air Asia India','null','Bhubaneswar','I5 1534','00:40:00','2022-06-07','00:30:00','OTD','D','On Time','A2','','05','05','null','null','null','null','null','null','null','null','null','2022-06-06 11:05:12'),(1446196965,'Departure','Air Asia India','null','Bhubaneswar','I5 1532','19:50:00','2022-06-06','19:50:00','OTD','D','On Time','','27','','null','null','A34','A40','null','null','null','null','null','null','2022-06-06 11:05:12'),(1446910027,'Departure','Indigo','null','Kozhikode','6E 6037','14:20:00','2022-06-06','14:20:00','AIB','D','Departed','','6','','null','null','213','333','null','null','null','null','null','null','2022-06-06 11:05:12'),(1446910048,'Departure','Indigo','null','Jaipur','6E 6182','21:50:00','2022-06-06','21:50:00','OTD','D','On Time','','17','','null','null','213','333','null','null','null','null','null','null','2022-06-06 11:05:12'),(1446910123,'Arrival','Indigo','null','Mumbai','6E 5267','07:40:00','2022-06-06','07:59:00','ARR','D','Arrived','A7','','03','03','null','null','null','null','null','null','null','null','null','2022-06-06 11:05:12'),(1446910257,'Arrival','Indigo','null','Kozhikode','6E 6027','13:30:00','2022-06-06','13:25:00','ARR','D','Arrived','A1','','02','02','null','null','null','null','null','null','null','null','null','2022-06-06 11:05:12'),(1446910287,'Departure','Indigo','null','Kannur','6E 6028','19:35:00','2022-06-06','19:35:00','OTD','D','On Time','','28','','null','null','213','333','null','null','null','null','null','null','2022-06-06 11:05:12'),(1446910325,'Arrival','Indigo','null','Kozhikode','6E 6039','16:50:00','2022-06-06','17:19:00','DLY','D','Delayed','A5','','06','06','null','null','null','null','null','null','null','null','null','2022-06-06 11:05:12'),(1446910351,'Arrival','Vistara','null','Mumbai','UK 523','18:15:00','2022-06-06','18:15:00','OTD','D','On Time','A3','','05','05','null','null','null','null','null','null','null','null','null','2022-06-06 11:05:12'),(1446910500,'Departure','Vistara','null','Mumbai','UK 524','10:15:00','2022-06-06','10:15:00','AIB','D','Departed','','17','','null','null','A43','A50','null','null','null','null','null','null','2022-06-06 11:05:12'),(1448069235,'Arrival','Indigo','null','Bhubaneswar','6E 6197','16:50:00','2022-06-06','16:52:00','OTD','D','On Time','A7','','01','01','null','null','null','null','null','null','null','null','null','2022-06-06 11:05:12'),(1448425060,'Departure','Go Air','null','Jaipur','G8 3121','09:15:00','2022-06-06','09:15:00','AIB','D','Departed','','2','','null','null','B51','B57','null','null','null','null','null','null','2022-06-06 11:05:12'),(1448425090,'Arrival','Go Air','null','Varanasi','G8 408','20:55:00','2022-06-06','20:45:00','OTD','D','On Time','A1','','02','02','null','null','null','null','null','null','null','null','null','2022-06-06 11:05:12'),(1448425127,'Departure','Go Air','null','Kochi','G8 542','18:00:00','2022-06-06','18:00:00','SEC','D','Security','','22','','null','null','B51','B57','null','null','null','null','null','null','2022-06-06 11:05:12'),(1448425159,'Arrival','Go Air','null','Hyderabad','G8 545','06:40:00','2022-06-06','06:47:00','ARR','D','Arrived','A3','','05','05','null','null','null','null','null','null','null','null','null','2022-06-06 11:05:12'),(1448425188,'Departure','Go Air','null','Hyderabad','G8 544','18:35:00','2022-06-06','18:35:00','SEC','D','Security','','23','','null','null','B51','B57','null','null','null','null','null','null','2022-06-06 11:05:12'),(1448425215,'Arrival','Go Air','null','Kochi','G8 543','09:15:00','2022-06-06','09:13:00','ARR','D','Arrived','A3','','05','05','null','null','null','null','null','null','null','null','null','2022-06-06 11:05:12'),(1449087841,'Departure','Charter Flt','null','Hyderabad','ZZ 5202','10:00:00','2022-06-06','10:00:00','NGT','D','New Gate','','','','null','null','null','null','null','null','null','null','null','null','2022-06-06 11:05:12'),(1449201357,'Arrival','Indigo','null','Chennai','6E 9362','08:20:00','2022-06-06','08:05:00','ARR','D','Arrived','A7','','01','01','null','null','null','null','null','null','null','null','null','2022-06-06 11:05:12');
/*!40000 ALTER TABLE `flight_status` ENABLE KEYS */;
UNLOCK TABLES;

--
-- Table structure for table `form`
--

DROP TABLE IF EXISTS `form`;
/*!40101 SET @saved_cs_client     = @@character_set_client */;
/*!40101 SET character_set_client = utf8 */;
CREATE TABLE `form` (
  `id` int(10) unsigned NOT NULL AUTO_INCREMENT,
  `nombre` varchar(40) NOT NULL,
  `descripcion` varchar(150) NOT NULL,
  `estatus` varchar(1) NOT NULL DEFAULT 'A',
  PRIMARY KEY (`id`)
) ENGINE=InnoDB AUTO_INCREMENT=2 DEFAULT CHARSET=utf8mb3;
/*!40101 SET character_set_client = @saved_cs_client */;

--
-- Dumping data for table `form`
--

LOCK TABLES `form` WRITE;
/*!40000 ALTER TABLE `form` DISABLE KEYS */;
INSERT INTO `form` VALUES (1,'Call Details','Call Details','A');
/*!40000 ALTER TABLE `form` ENABLE KEYS */;
UNLOCK TABLES;

--
-- Table structure for table `form_data_recolected`
--

DROP TABLE IF EXISTS `form_data_recolected`;
/*!40101 SET @saved_cs_client     = @@character_set_client */;
/*!40101 SET character_set_client = utf8 */;
CREATE TABLE `form_data_recolected` (
  `id` int(10) unsigned NOT NULL AUTO_INCREMENT,
  `id_calls` int(10) unsigned NOT NULL,
  `id_form_field` int(10) unsigned NOT NULL,
  `value` varchar(250) NOT NULL,
  PRIMARY KEY (`id`),
  KEY `id_form_field` (`id_form_field`),
  KEY `id_calls` (`id_calls`),
  CONSTRAINT `form_data_recolected_ibfk_1` FOREIGN KEY (`id_form_field`) REFERENCES `form_field` (`id`),
  CONSTRAINT `form_data_recolected_ibfk_2` FOREIGN KEY (`id_calls`) REFERENCES `calls` (`id`)
) ENGINE=InnoDB DEFAULT CHARSET=utf8mb3;
/*!40101 SET character_set_client = @saved_cs_client */;

--
-- Dumping data for table `form_data_recolected`
--

LOCK TABLES `form_data_recolected` WRITE;
/*!40000 ALTER TABLE `form_data_recolected` DISABLE KEYS */;
/*!40000 ALTER TABLE `form_data_recolected` ENABLE KEYS */;
UNLOCK TABLES;

--
-- Table structure for table `form_data_recolected_entry`
--

DROP TABLE IF EXISTS `form_data_recolected_entry`;
/*!40101 SET @saved_cs_client     = @@character_set_client */;
/*!40101 SET character_set_client = utf8 */;
CREATE TABLE `form_data_recolected_entry` (
  `id` int(10) unsigned NOT NULL AUTO_INCREMENT,
  `id_call_entry` int(10) unsigned NOT NULL,
  `id_form_field` int(10) unsigned NOT NULL,
  `value` varchar(250) NOT NULL,
  PRIMARY KEY (`id`),
  KEY `id_call_entry` (`id_call_entry`),
  KEY `id_form_field` (`id_form_field`),
  CONSTRAINT `form_data_recolected_entry_ibfk_1` FOREIGN KEY (`id_call_entry`) REFERENCES `call_entry` (`id`),
  CONSTRAINT `form_data_recolected_entry_ibfk_2` FOREIGN KEY (`id_form_field`) REFERENCES `form_field` (`id`)
) ENGINE=InnoDB DEFAULT CHARSET=latin1;
/*!40101 SET character_set_client = @saved_cs_client */;

--
-- Dumping data for table `form_data_recolected_entry`
--

LOCK TABLES `form_data_recolected_entry` WRITE;
/*!40000 ALTER TABLE `form_data_recolected_entry` DISABLE KEYS */;
/*!40000 ALTER TABLE `form_data_recolected_entry` ENABLE KEYS */;
UNLOCK TABLES;

--
-- Table structure for table `form_field`
--

DROP TABLE IF EXISTS `form_field`;
/*!40101 SET @saved_cs_client     = @@character_set_client */;
/*!40101 SET character_set_client = utf8 */;
CREATE TABLE `form_field` (
  `id` int(10) unsigned NOT NULL AUTO_INCREMENT,
  `id_form` int(10) unsigned NOT NULL,
  `etiqueta` text NOT NULL,
  `value` text NOT NULL,
  `tipo` varchar(25) NOT NULL,
  `orden` int(10) unsigned NOT NULL,
  PRIMARY KEY (`id`),
  KEY `id_form` (`id_form`),
  CONSTRAINT `form_field_ibfk_1` FOREIGN KEY (`id_form`) REFERENCES `form` (`id`)
) ENGINE=InnoDB AUTO_INCREMENT=4 DEFAULT CHARSET=utf8mb3;
/*!40101 SET character_set_client = @saved_cs_client */;

--
-- Dumping data for table `form_field`
--

LOCK TABLES `form_field` WRITE;
/*!40000 ALTER TABLE `form_field` DISABLE KEYS */;
INSERT INTO `form_field` VALUES (1,1,'Call Type','General Enquiry,Related to Flights,','LIST',1),(2,1,'First Name','','TEXT',2),(3,1,'Second Name','','TEXT',3);
/*!40000 ALTER TABLE `form_field` ENABLE KEYS */;
UNLOCK TABLES;

--
-- Table structure for table `migrations`
--

DROP TABLE IF EXISTS `migrations`;
/*!40101 SET @saved_cs_client     = @@character_set_client */;
/*!40101 SET character_set_client = utf8 */;
CREATE TABLE `migrations` (
  `id` int(10) unsigned NOT NULL AUTO_INCREMENT,
  `migration` varchar(255) COLLATE utf8mb4_unicode_ci NOT NULL,
  `batch` int(11) NOT NULL,
  PRIMARY KEY (`id`)
) ENGINE=InnoDB AUTO_INCREMENT=38 DEFAULT CHARSET=utf8mb4 COLLATE=utf8mb4_unicode_ci;
/*!40101 SET character_set_client = @saved_cs_client */;

--
-- Dumping data for table `migrations`
--

LOCK TABLES `migrations` WRITE;
/*!40000 ALTER TABLE `migrations` DISABLE KEYS */;
INSERT INTO `migrations` VALUES (1,'2014_10_12_100000_create_password_resets_table',1),(2,'2019_12_14_000001_create_personal_access_tokens_table',1),(3,'2022_05_15_000001_create_permissions_table',1),(4,'2022_05_15_000002_create_roles_table',1),(5,'2022_05_15_000003_create_users_table',1),(6,'2022_05_15_000006_create_permission_role_pivot_table',1),(7,'2022_05_15_000007_create_role_user_pivot_table',1),(8,'2022_05_15_135830_add_columns_to_call_entry',1),(9,'2022_05_15_160055_add_timestamps_to_contat',2),(29,'2022_05_15_160756_create_answers_table',3),(30,'2022_05_15_160756_create_entries_table',3),(31,'2022_05_15_160756_create_questions_table',3),(32,'2022_05_15_160756_create_sections_table',3),(33,'2022_05_15_160756_create_surveys_table',3),(34,'2022_05_23_063115_add_fiedls_survey_entrys',3),(36,'2022_06_05_061127_create_agent_status',4),(37,'2022_06_07_051803_add_column_queue_table',5);
/*!40000 ALTER TABLE `migrations` ENABLE KEYS */;
UNLOCK TABLES;

--
-- Table structure for table `password_resets`
--

DROP TABLE IF EXISTS `password_resets`;
/*!40101 SET @saved_cs_client     = @@character_set_client */;
/*!40101 SET character_set_client = utf8 */;
CREATE TABLE `password_resets` (
  `email` varchar(255) COLLATE utf8mb4_unicode_ci NOT NULL,
  `token` varchar(255) COLLATE utf8mb4_unicode_ci NOT NULL,
  `created_at` timestamp NULL DEFAULT NULL,
  KEY `password_resets_email_index` (`email`)
) ENGINE=InnoDB DEFAULT CHARSET=utf8mb4 COLLATE=utf8mb4_unicode_ci;
/*!40101 SET character_set_client = @saved_cs_client */;

--
-- Dumping data for table `password_resets`
--

LOCK TABLES `password_resets` WRITE;
/*!40000 ALTER TABLE `password_resets` DISABLE KEYS */;
/*!40000 ALTER TABLE `password_resets` ENABLE KEYS */;
UNLOCK TABLES;

--
-- Table structure for table `permission_role`
--

DROP TABLE IF EXISTS `permission_role`;
/*!40101 SET @saved_cs_client     = @@character_set_client */;
/*!40101 SET character_set_client = utf8 */;
CREATE TABLE `permission_role` (
  `role_id` bigint(20) unsigned NOT NULL,
  `permission_id` bigint(20) unsigned NOT NULL,
  KEY `role_id_fk_6082336` (`role_id`),
  KEY `permission_id_fk_6082336` (`permission_id`),
  CONSTRAINT `permission_id_fk_6082336` FOREIGN KEY (`permission_id`) REFERENCES `permissions` (`id`) ON DELETE CASCADE,
  CONSTRAINT `role_id_fk_6082336` FOREIGN KEY (`role_id`) REFERENCES `roles` (`id`) ON DELETE CASCADE
) ENGINE=InnoDB DEFAULT CHARSET=utf8mb4 COLLATE=utf8mb4_unicode_ci;
/*!40101 SET character_set_client = @saved_cs_client */;

--
-- Dumping data for table `permission_role`
--

LOCK TABLES `permission_role` WRITE;
/*!40000 ALTER TABLE `permission_role` DISABLE KEYS */;
INSERT INTO `permission_role` VALUES (1,1),(1,2),(1,3),(1,4),(1,5),(1,6),(1,7),(1,8),(1,9),(1,10),(1,11),(1,12),(1,13),(1,14),(1,15),(1,16),(1,17),(1,23),(1,24),(1,26),(1,27),(1,28),(1,29),(1,30),(1,31),(1,32),(2,17),(2,18),(2,19),(2,20),(2,21),(2,22),(2,23),(2,24),(2,25),(2,26),(2,27),(2,28),(2,29),(2,30),(2,31),(2,32),(1,33),(1,34),(1,35);
/*!40000 ALTER TABLE `permission_role` ENABLE KEYS */;
UNLOCK TABLES;

--
-- Table structure for table `permissions`
--

DROP TABLE IF EXISTS `permissions`;
/*!40101 SET @saved_cs_client     = @@character_set_client */;
/*!40101 SET character_set_client = utf8 */;
CREATE TABLE `permissions` (
  `id` bigint(20) unsigned NOT NULL AUTO_INCREMENT,
  `title` varchar(255) COLLATE utf8mb4_unicode_ci DEFAULT NULL,
  `created_at` timestamp NULL DEFAULT NULL,
  `updated_at` timestamp NULL DEFAULT NULL,
  `deleted_at` timestamp NULL DEFAULT NULL,
  PRIMARY KEY (`id`)
) ENGINE=InnoDB AUTO_INCREMENT=36 DEFAULT CHARSET=utf8mb4 COLLATE=utf8mb4_unicode_ci;
/*!40101 SET character_set_client = @saved_cs_client */;

--
-- Dumping data for table `permissions`
--

LOCK TABLES `permissions` WRITE;
/*!40000 ALTER TABLE `permissions` DISABLE KEYS */;
INSERT INTO `permissions` VALUES (1,'user_management_access',NULL,NULL,NULL),(2,'permission_create',NULL,NULL,NULL),(3,'permission_edit',NULL,NULL,NULL),(4,'permission_show',NULL,NULL,NULL),(5,'permission_delete',NULL,NULL,NULL),(6,'permission_access',NULL,NULL,NULL),(7,'role_create',NULL,NULL,NULL),(8,'role_edit',NULL,NULL,NULL),(9,'role_show',NULL,NULL,NULL),(10,'role_delete',NULL,NULL,NULL),(11,'role_access',NULL,NULL,NULL),(12,'user_create',NULL,NULL,NULL),(13,'user_edit',NULL,NULL,NULL),(14,'user_show',NULL,NULL,NULL),(15,'user_delete',NULL,NULL,NULL),(16,'user_access',NULL,NULL,NULL),(17,'csat_access',NULL,NULL,NULL),(18,'take_survey_create',NULL,'2022-05-29 12:52:08','2022-05-29 12:52:08'),(19,'take_survey_edit',NULL,'2022-05-29 12:52:00','2022-05-29 12:52:00'),(20,'take_survey_show',NULL,'2022-05-29 12:51:49','2022-05-29 12:51:49'),(21,'take_survey_delete',NULL,'2022-05-29 12:51:39','2022-05-29 12:51:39'),(22,'take_survey_access',NULL,'2022-05-29 12:51:30','2022-05-29 12:51:30'),(23,'abandoned_call_edit',NULL,NULL,NULL),(24,'abandoned_call_show',NULL,NULL,NULL),(25,'abandoned_call_delete',NULL,'2022-05-15 14:47:47','2022-05-15 14:47:47'),(26,'abandoned_call_access',NULL,NULL,NULL),(27,'contact_create',NULL,NULL,NULL),(28,'contact_edit',NULL,NULL,NULL),(29,'contact_show',NULL,NULL,NULL),(30,'contact_delete',NULL,NULL,NULL),(31,'contact_access',NULL,NULL,NULL),(32,'profile_password_edit',NULL,NULL,NULL),(33,'csat_report','2022-05-29 12:52:33','2022-05-29 12:52:33',NULL),(34,'live_monitoring_read','2022-05-29 13:15:10','2022-05-29 13:15:19',NULL),(35,'live_monitoring_spy','2022-05-29 13:15:37','2022-05-29 13:15:37',NULL);
/*!40000 ALTER TABLE `permissions` ENABLE KEYS */;
UNLOCK TABLES;

--
-- Table structure for table `personal_access_tokens`
--

DROP TABLE IF EXISTS `personal_access_tokens`;
/*!40101 SET @saved_cs_client     = @@character_set_client */;
/*!40101 SET character_set_client = utf8 */;
CREATE TABLE `personal_access_tokens` (
  `id` bigint(20) unsigned NOT NULL AUTO_INCREMENT,
  `tokenable_type` varchar(255) COLLATE utf8mb4_unicode_ci NOT NULL,
  `tokenable_id` bigint(20) unsigned NOT NULL,
  `name` varchar(255) COLLATE utf8mb4_unicode_ci NOT NULL,
  `token` varchar(64) COLLATE utf8mb4_unicode_ci NOT NULL,
  `abilities` text COLLATE utf8mb4_unicode_ci DEFAULT NULL,
  `last_used_at` timestamp NULL DEFAULT NULL,
  `created_at` timestamp NULL DEFAULT NULL,
  `updated_at` timestamp NULL DEFAULT NULL,
  PRIMARY KEY (`id`),
  UNIQUE KEY `personal_access_tokens_token_unique` (`token`),
  KEY `personal_access_tokens_tokenable_type_tokenable_id_index` (`tokenable_type`,`tokenable_id`)
) ENGINE=InnoDB DEFAULT CHARSET=utf8mb4 COLLATE=utf8mb4_unicode_ci;
/*!40101 SET character_set_client = @saved_cs_client */;

--
-- Dumping data for table `personal_access_tokens`
--

LOCK TABLES `personal_access_tokens` WRITE;
/*!40000 ALTER TABLE `personal_access_tokens` DISABLE KEYS */;
/*!40000 ALTER TABLE `personal_access_tokens` ENABLE KEYS */;
UNLOCK TABLES;

--
-- Table structure for table `questions`
--

DROP TABLE IF EXISTS `questions`;
/*!40101 SET @saved_cs_client     = @@character_set_client */;
/*!40101 SET character_set_client = utf8 */;
CREATE TABLE `questions` (
  `id` int(10) unsigned NOT NULL AUTO_INCREMENT,
  `survey_id` int(10) unsigned DEFAULT NULL,
  `section_id` int(10) unsigned DEFAULT NULL,
  `content` varchar(255) COLLATE utf8mb4_unicode_ci NOT NULL,
  `type` varchar(255) COLLATE utf8mb4_unicode_ci NOT NULL DEFAULT 'text',
  `options` longtext CHARACTER SET utf8mb4 COLLATE utf8mb4_bin DEFAULT NULL CHECK (json_valid(`options`)),
  `rules` longtext CHARACTER SET utf8mb4 COLLATE utf8mb4_bin DEFAULT NULL CHECK (json_valid(`rules`)),
  `created_at` timestamp NULL DEFAULT NULL,
  `updated_at` timestamp NULL DEFAULT NULL,
  PRIMARY KEY (`id`)
) ENGINE=InnoDB AUTO_INCREMENT=4 DEFAULT CHARSET=utf8mb4 COLLATE=utf8mb4_unicode_ci;
/*!40101 SET character_set_client = @saved_cs_client */;

--
-- Dumping data for table `questions`
--

LOCK TABLES `questions` WRITE;
/*!40000 ALTER TABLE `questions` DISABLE KEYS */;
INSERT INTO `questions` VALUES (1,1,1,'Kindly share your experience with the agent','radio','[\"Satisfied\",\"Not Satisfied\"]','[\"sometimes\",\"in:Satisfied,Not Satisfied\"]','2022-05-23 07:45:09','2022-05-23 07:45:09'),(2,1,2,'How was the Overall Experience ?','radio','[\"Satisfied\",\"Not Satisfied\"]','[\"sometimes\",\"in:Satisfied,Not Satisfied\"]','2022-05-23 07:45:09','2022-05-23 07:45:09'),(3,1,3,'Kindly Share your comments','textarea',NULL,'[\"sometimes\"]','2022-05-23 07:45:09','2022-05-23 07:45:09');
/*!40000 ALTER TABLE `questions` ENABLE KEYS */;
UNLOCK TABLES;

--
-- Table structure for table `queue_call_entry`
--

DROP TABLE IF EXISTS `queue_call_entry`;
/*!40101 SET @saved_cs_client     = @@character_set_client */;
/*!40101 SET character_set_client = utf8 */;
CREATE TABLE `queue_call_entry` (
  `id` int(10) unsigned NOT NULL AUTO_INCREMENT,
  `queue` varchar(50) DEFAULT NULL,
  `description` varchar(255) NOT NULL,
  `date_init` date DEFAULT NULL,
  `time_init` time DEFAULT NULL,
  `date_end` date DEFAULT NULL,
  `time_end` time DEFAULT NULL,
  `estatus` varchar(1) NOT NULL DEFAULT 'A',
  `script` text DEFAULT NULL,
  PRIMARY KEY (`id`)
) ENGINE=InnoDB AUTO_INCREMENT=2 DEFAULT CHARSET=utf8mb3;
/*!40101 SET character_set_client = @saved_cs_client */;

--
-- Dumping data for table `queue_call_entry`
--

LOCK TABLES `queue_call_entry` WRITE;
/*!40000 ALTER TABLE `queue_call_entry` DISABLE KEYS */;
INSERT INTO `queue_call_entry` VALUES (1,'500','Engagement Center',NULL,NULL,NULL,NULL,'A','\r\n\r\n<style type=\"text/css\">\r\nbody {\r\n	background: #FFF;\r\n}\r\n</style>\r\n\r\n<div><br /></div>\r\n<div><br /></div>\r\n<div>This is for testing</div>');
/*!40000 ALTER TABLE `queue_call_entry` ENABLE KEYS */;
UNLOCK TABLES;

--
-- Table structure for table `role_user`
--

DROP TABLE IF EXISTS `role_user`;
/*!40101 SET @saved_cs_client     = @@character_set_client */;
/*!40101 SET character_set_client = utf8 */;
CREATE TABLE `role_user` (
  `user_id` bigint(20) unsigned NOT NULL,
  `role_id` bigint(20) unsigned NOT NULL,
  KEY `user_id_fk_6082345` (`user_id`),
  KEY `role_id_fk_6082345` (`role_id`),
  CONSTRAINT `role_id_fk_6082345` FOREIGN KEY (`role_id`) REFERENCES `roles` (`id`) ON DELETE CASCADE,
  CONSTRAINT `user_id_fk_6082345` FOREIGN KEY (`user_id`) REFERENCES `users` (`id`) ON DELETE CASCADE
) ENGINE=InnoDB DEFAULT CHARSET=utf8mb4 COLLATE=utf8mb4_unicode_ci;
/*!40101 SET character_set_client = @saved_cs_client */;

--
-- Dumping data for table `role_user`
--

LOCK TABLES `role_user` WRITE;
/*!40000 ALTER TABLE `role_user` DISABLE KEYS */;
INSERT INTO `role_user` VALUES (1,1);
/*!40000 ALTER TABLE `role_user` ENABLE KEYS */;
UNLOCK TABLES;

--
-- Table structure for table `roles`
--

DROP TABLE IF EXISTS `roles`;
/*!40101 SET @saved_cs_client     = @@character_set_client */;
/*!40101 SET character_set_client = utf8 */;
CREATE TABLE `roles` (
  `id` bigint(20) unsigned NOT NULL AUTO_INCREMENT,
  `title` varchar(255) COLLATE utf8mb4_unicode_ci DEFAULT NULL,
  `created_at` timestamp NULL DEFAULT NULL,
  `updated_at` timestamp NULL DEFAULT NULL,
  `deleted_at` timestamp NULL DEFAULT NULL,
  PRIMARY KEY (`id`)
) ENGINE=InnoDB AUTO_INCREMENT=3 DEFAULT CHARSET=utf8mb4 COLLATE=utf8mb4_unicode_ci;
/*!40101 SET character_set_client = @saved_cs_client */;

--
-- Dumping data for table `roles`
--

LOCK TABLES `roles` WRITE;
/*!40000 ALTER TABLE `roles` DISABLE KEYS */;
INSERT INTO `roles` VALUES (1,'Admin',NULL,NULL,NULL),(2,'User',NULL,NULL,NULL);
/*!40000 ALTER TABLE `roles` ENABLE KEYS */;
UNLOCK TABLES;

--
-- Table structure for table `sections`
--

DROP TABLE IF EXISTS `sections`;
/*!40101 SET @saved_cs_client     = @@character_set_client */;
/*!40101 SET character_set_client = utf8 */;
CREATE TABLE `sections` (
  `id` int(10) unsigned NOT NULL AUTO_INCREMENT,
  `survey_id` int(10) unsigned DEFAULT NULL,
  `name` varchar(255) COLLATE utf8mb4_unicode_ci NOT NULL,
  `created_at` timestamp NULL DEFAULT NULL,
  `updated_at` timestamp NULL DEFAULT NULL,
  PRIMARY KEY (`id`)
) ENGINE=InnoDB AUTO_INCREMENT=4 DEFAULT CHARSET=utf8mb4 COLLATE=utf8mb4_unicode_ci;
/*!40101 SET character_set_client = @saved_cs_client */;

--
-- Dumping data for table `sections`
--

LOCK TABLES `sections` WRITE;
/*!40000 ALTER TABLE `sections` DISABLE KEYS */;
INSERT INTO `sections` VALUES (1,1,'About the Agent','2022-05-23 07:45:09','2022-05-23 07:45:09'),(2,1,'Overall Experience','2022-05-23 07:45:09','2022-05-23 07:45:09'),(3,1,'Comments','2022-05-23 07:45:09','2022-05-23 07:45:09');
/*!40000 ALTER TABLE `sections` ENABLE KEYS */;
UNLOCK TABLES;

--
-- Table structure for table `surveys`
--

DROP TABLE IF EXISTS `surveys`;
/*!40101 SET @saved_cs_client     = @@character_set_client */;
/*!40101 SET character_set_client = utf8 */;
CREATE TABLE `surveys` (
  `id` int(10) unsigned NOT NULL AUTO_INCREMENT,
  `name` varchar(255) COLLATE utf8mb4_unicode_ci NOT NULL,
  `settings` longtext CHARACTER SET utf8mb4 COLLATE utf8mb4_bin DEFAULT NULL CHECK (json_valid(`settings`)),
  `created_at` timestamp NULL DEFAULT NULL,
  `updated_at` timestamp NULL DEFAULT NULL,
  PRIMARY KEY (`id`)
) ENGINE=InnoDB AUTO_INCREMENT=2 DEFAULT CHARSET=utf8mb4 COLLATE=utf8mb4_unicode_ci;
/*!40101 SET character_set_client = @saved_cs_client */;

--
-- Dumping data for table `surveys`
--

LOCK TABLES `surveys` WRITE;
/*!40000 ALTER TABLE `surveys` DISABLE KEYS */;
INSERT INTO `surveys` VALUES (1,'Your feedback is important to us','{\"accept-guest-entries\":true}','2022-05-23 07:45:09','2022-05-23 07:45:09');
/*!40000 ALTER TABLE `surveys` ENABLE KEYS */;
UNLOCK TABLES;

--
-- Table structure for table `users`
--

DROP TABLE IF EXISTS `users`;
/*!40101 SET @saved_cs_client     = @@character_set_client */;
/*!40101 SET character_set_client = utf8 */;
CREATE TABLE `users` (
  `id` bigint(20) unsigned NOT NULL AUTO_INCREMENT,
  `name` varchar(255) COLLATE utf8mb4_unicode_ci NOT NULL,
  `email` varchar(255) COLLATE utf8mb4_unicode_ci NOT NULL,
  `email_verified_at` datetime DEFAULT NULL,
  `password` varchar(255) COLLATE utf8mb4_unicode_ci NOT NULL,
  `remember_token` varchar(255) COLLATE utf8mb4_unicode_ci DEFAULT NULL,
  `created_at` timestamp NULL DEFAULT NULL,
  `updated_at` timestamp NULL DEFAULT NULL,
  `deleted_at` timestamp NULL DEFAULT NULL,
  PRIMARY KEY (`id`),
  UNIQUE KEY `users_email_unique` (`email`)
) ENGINE=InnoDB AUTO_INCREMENT=2 DEFAULT CHARSET=utf8mb4 COLLATE=utf8mb4_unicode_ci;
/*!40101 SET character_set_client = @saved_cs_client */;

--
-- Dumping data for table `users`
--

LOCK TABLES `users` WRITE;
/*!40000 ALTER TABLE `users` DISABLE KEYS */;
INSERT INTO `users` VALUES (1,'Admin','admin@admin.com',NULL,'$2y$10$GN6sc3JsS/ZHwqsLquLWh.5A0fEsn8mzVWJoG461bdHa3LzA0pekG',NULL,NULL,NULL,NULL);
/*!40000 ALTER TABLE `users` ENABLE KEYS */;
UNLOCK TABLES;

--
-- Table structure for table `valor_config`
--

DROP TABLE IF EXISTS `valor_config`;
/*!40101 SET @saved_cs_client     = @@character_set_client */;
/*!40101 SET character_set_client = utf8 */;
CREATE TABLE `valor_config` (
  `config_key` varchar(32) NOT NULL,
  `config_value` varchar(128) NOT NULL,
  `config_blob` blob DEFAULT NULL,
  PRIMARY KEY (`config_key`)
) ENGINE=InnoDB DEFAULT CHARSET=latin1;
/*!40101 SET character_set_client = @saved_cs_client */;

--
-- Dumping data for table `valor_config`
--

LOCK TABLES `valor_config` WRITE;
/*!40000 ALTER TABLE `valor_config` DISABLE KEYS */;
/*!40000 ALTER TABLE `valor_config` ENABLE KEYS */;
UNLOCK TABLES;
/*!40103 SET TIME_ZONE=@OLD_TIME_ZONE */;

/*!40101 SET SQL_MODE=@OLD_SQL_MODE */;
/*!40014 SET FOREIGN_KEY_CHECKS=@OLD_FOREIGN_KEY_CHECKS */;
/*!40014 SET UNIQUE_CHECKS=@OLD_UNIQUE_CHECKS */;
/*!40101 SET CHARACTER_SET_CLIENT=@OLD_CHARACTER_SET_CLIENT */;
/*!40101 SET CHARACTER_SET_RESULTS=@OLD_CHARACTER_SET_RESULTS */;
/*!40101 SET COLLATION_CONNECTION=@OLD_COLLATION_CONNECTION */;
/*!40111 SET SQL_NOTES=@OLD_SQL_NOTES */;

-- Dump completed on 2022-06-07 22:52:34
